log_area_ratio_0_5h_is_zero,along_track_speed,event_start_hour,spread_bearing_cos,area_growth_rate_ha_per_h_is_zero,dist_std_ci_0_5h_log1p,area_growth_rel_0_5h,dist_fit_r2_0_5h_is_zero,cross_track_component_is_zero,log1p_growth,dist_fit_r2_0_5h,centroid_displacement_m_log1p,spread_bearing_deg,spread_bearing_deg_is_zero,spread_bearing_deg_log1p,closing_speed_m_per_h_is_zero,area_first_ha,threat_velocity,alignment_abs_is_zero,log_area_ratio_0_5h,log1p_area_first,centroid_speed_m_per_h_is_zero,projected_advance_m_is_zero,spread_bearing_sin,alignment_abs,dist_accel_m_per_h2_is_zero,centroid_speed_m_per_h_log1p,spread_efficiency,log1p_growth_log1p,closing_speed_abs_m_per_h_log1p,dt_first_last_0_5h_is_zero,log1p_growth_is_zero,growth_speed_interaction,dist_growth_interaction,area_dist_ratio,cross_track_component,alignment_abs_log1p,dist_alignment_interaction,dt_first_last_0_5h_log1p,fire_intensity,dist_slope_ci_0_5h_is_zero,low_temporal_resolution_0_5h,radial_growth_rate_m_per_h_is_zero,closing_speed_abs_m_per_h_is_zero,time_to_impact_est,num_perimeters_0_5h,wildfire_risk_score,dist_min_ci_0_5h,spread_bearing_sin_is_zero,alignment_cos_is_zero,area_growth_abs_0_5h_is_zero,dist_min_ci_0_5h_squared,closing_speed_m_per_h_squared,radial_growth_m_is_zero,relative_growth_0_5h_is_zero,along_track_speed_is_zero,dist_change_ci_0_5h_is_zero,alignment_cos,centroid_displacement_m_is_zero,area_growth_rel_0_5h_is_zero,area_first_ha_squared,dist_std_ci_0_5h_is_zero
0,-0.1060256858486571,0.0,-0.6601211589673398,0,0.18655032596262794,0.0360861727393774,0,0,1.3547868227233073,0.8863732713999973,2.2273194555712026,70.130507414482,0,4.264516322341264,0,-0.06622026621913409,-0.005574235893631583,0,0.0354503182610035,-0.10965435186566833,0,0,0.9404692304473844,0.7622269303717977,0,1.0784498867226884,0.026169601013294956,0.8564502022344959,0.09712720906077689,0,0,1.3081846626688591,4157.697428667373,0.24271660458158628,-1.9372192309310183,0.7684254755454614,1.1245619121263257,1.938268653442776,53.73768822959215,0,0,0,0,-0.13165296341472332,2.0,0.04103584211818785,-0.12973733405412866,0,0,0,-0.024214533211894557,0.010404112028912303,0,0,0,0,-0.054649077279923,0,0,-0.024635188968242426,0
1,-0.0,-1.25,0.0,1,0.0,0.0,1,1,0.0,0.0,0.0,0.0,1,0.0,1,-0.22006595305795212,0.0,0,0.0,-0.826609727437711,1,1,0.0,7.934800712780347,1,0.0,0.0,0.0,0.0,0,1,0.0,0.0,-0.021323277407493336,-0.0,6.504247532103965,5.564522045792958,0.9039435007908013,0.0,0,0,1,1,-0.14542893246283167,1.0,0.03440507231405406,-0.1461376982559149,1,0,1,-0.024948781434633714,0.0,1,1,1,1,-0.5688982113791312,1,1,-0.05135876527393058,1
1,0.0,0.25,0.0,1,0.0,0.0,1,1,0.0,0.0,0.0,0.0,1,0.0,1,-0.007973089385591792,0.0,0,0.0,-0.011488210695843165,1,1,0.0,12.307215008527994,0,0.0,0.0,0.0,0.0,0,1,0.0,0.0,0.767174431666159,0.0,9.13507277098837,9.636290025017647,2.0466204632827103,0.0,0,0,1,1,-0.14366355127061992,3.0,0.06154125305793663,-0.1444067704320615,1,0,1,-0.02489593803331334,0.0,1,1,1,1,0.8823854383806744,1,1,-0.0033846484023103847,1
1,0.0,0.08333333333333333,0.0,1,0.0,0.0,1,1,0.0,0.0,0.0,0.0,1,0.0,1,-0.0924561323822039,0.0,1,0.0,-0.16511718988457294,1,1,0.0,0.0,1,0.0,0.0,0.0,0.0,1,1,0.0,0.0,-0.07473287808865337,0.0,0.0,0.0,0.0,0.0,1,1,1,1,0.17093389519220464,0.0,-0.2929538055887236,0.16405095858310928,1,1,1,0.07740851479980633,0.0,1,1,1,1,0.0,1,1,-0.032209507419458515,1
1,0.0,0.16666666666666666,0.0,1,0.0,0.0,1,1,0.0,0.0,0.0,0.0,1,0.0,1,-0.16203668214066366,0.0,0,0.0,-0.38012367375110634,1,1,0.0,13.035961966402544,1,0.0,0.0,0.0,0.0,0,1,0.0,0.0,-0.05001337254722231,-0.0,9.53046868414849,56.160844979156174,2.085889779054334,0.0,0,0,1,1,-0.0674897980779499,1.0,-0.04259956508839062,-0.06971963236226908,1,0,1,-0.01707494971591004,0.0,1,1,1,1,0.9346341155547664,1,1,-0.04628946464059534,1
1,0.0,-1.5833333333333333,0.0,1,0.0,0.0,1,1,0.0,0.0,0.0,0.0,1,0.0,1,0.16225844478693519,0.0,1,0.0,0.17590341628669334,1,1,0.0,0.0,1,0.0,0.0,0.0,0.0,1,1,0.0,0.0,0.03732469341950551,0.0,0.0,0.0,0.0,0.0,1,1,1,1,0.021578966640404283,0.0,-0.09525263348559332,0.017610856807663354,1,1,1,0.005806130962311691,0.0,1,1,1,1,0.0,1,1,0.0937716274748668,1
1,0.0,0.16666666666666666,0.0,1,0.0,0.0,1,1,0.0,0.0,0.0,0.0,1,0.0,1,0.020038016614424677,0.0,1,0.0,0.027277624633169698,1,1,0.0,0.0,1,0.0,0.0,0.0,0.0,1,1,0.0,0.0,0.8011500182892876,0.0,0.0,0.0,0.0,0.0,1,1,1,1,-0.1423291182604204,0.0,0.06392470583982357,-0.1430983803593606,1,1,1,-0.024852133712321547,0.0,1,1,1,1,0.0,1,1,0.009012129491374013,1
1,0.0,-0.25,0.0,1,0.0,0.0,1,1,0.0,0.0,0.0,0.0,1,0.0,1,2.77931761181613,0.0,1,0.0,0.8649813010006557,1,1,0.0,0.0,1,0.0,0.0,0.0,0.0,1,1,0.0,0.0,4.51591618868516,0.0,0.0,0.0,0.0,0.0,1,1,1,1,-0.11902045140995939,0.0,0.4165880020050536,-0.1202446079467037,1,1,1,-0.023550919400055274,0.0,1,1,1,1,0.0,1,1,8.160937650532675,1
1,0.0,-0.08333333333333333,0.0,1,0.0,0.0,1,1,0.0,0.0,0.0,0.0,1,0.0,1,-0.2297485705134461,0.0,0,0.0,-1.0299016551323195,1,1,0.0,1.4829460411530702,1,0.0,0.0,0.0,0.0,0,1,0.0,0.0,-0.09916061426317875,0.0,1.4592257800433623,11.268690142591502,1.2394437464364054,0.0,1,0,1,1,0.003617573358406627,1.0,-0.12938617734020544,0.0,1,0,1,0.0,0.0,1,1,1,1,0.1063221851337628,1,1,-0.05161378855929661,1
1,0.0,-0.16666666666666666,0.0,1,0.0,0.0,1,1,0.0,0.0,0.0,0.0,1,0.0,1,-0.22817301927004333,0.0,1,0.0,-0.9874752154615107,1,1,0.0,0.0,1,0.0,0.0,0.0,0.0,1,1,0.0,0.0,-0.033013794261995535,0.0,0.0,0.0,0.0,0.0,1,1,1,1,-0.15026769508681492,0.0,0.03856863696988368,-0.15088202707046466,1,1,1,-0.025063796661758966,0.0,1,1,1,1,0.0,1,1,-0.05158380191511514,1
1,0.0,0.16666666666666666,0.0,1,0.0,0.0,1,1,0.0,0.0,0.0,0.0,1,0.0,1,1.1401632947290763,0.0,1,0.0,0.5971093075069183,1,1,0.0,0.0,1,0.0,0.0,0.0,0.0,1,1,0.0,0.0,-0.03774801779181346,0.0,0.0,0.0,0.0,0.0,1,1,1,1,1.1852597254217019,0.0,-1.2297045113139444,1.158581097310699,1,1,1,1.6652984067773815,0.0,1,1,1,1,0.0,1,1,1.6636875712099104,1
1,0.0,0.25,0.0,1,0.0,0.0,1,1,0.0,0.0,0.0,0.0,1,0.0,1,0.015375184465336063,0.0,1,0.0,0.021121342226155315,1,1,0.0,0.0,1,0.0,0.0,0.0,0.0,1,1,0.0,0.0,1.0566287876053266,0.0,0.0,0.0,0.0,0.0,1,1,1,1,-0.1466076223775415,0.0,0.06794949546929613,-0.1472933847320524,1,1,1,-0.024980824668371975,0.0,1,1,1,1,0.0,1,1,0.006850407368850754,1
1,0.0,0.25,0.0,1,0.0,0.0,1,1,0.0,0.0,0.0,0.0,1,0.0,1,-0.20181035925619167,0.0,1,0.0,-0.6170320676096032,1,1,0.0,0.0,1,0.0,0.0,0.0,0.0,1,1,0.0,0.0,0.0058584713551216765,0.0,0.0,0.0,0.0,0.0,1,1,1,1,-0.13854512715219575,0.0,0.02940288672212119,-0.13938823802673836,1,1,1,-0.024709843747330342,0.0,1,1,1,1,0.0,1,1,-0.05041832622779979,1
1,0.0,0.3333333333333333,0.0,1,0.0,0.0,1,1,0.0,0.0,0.0,0.0,1,0.0,1,-0.1324081326911326,0.0,1,0.0,-0.27182287503308133,1,1,0.0,0.0,1,0.0,0.0,0.0,0.0,1,1,0.0,0.0,-0.10021585497527599,0.0,0.0,0.0,0.0,0.0,1,1,1,1,2.3350595248802803,0.0,-2.6573810331587384,2.2859412807793276,1,1,1,5.787585501063243,0.0,1,1,1,1,0.0,1,1,-0.04136070933891486,1
1,0.0,0.16666666666666666,0.0,1,0.0,0.0,1,1,0.0,0.0,0.0,0.0,1,0.0,1,-0.15975217175340128,0.0,1,0.0,-0.3704400848895925,1,1,0.0,0.0,1,0.0,0.0,0.0,0.0,1,1,0.0,0.0,-0.09968174476539607,0.0,0.0,0.0,0.0,0.0,1,1,1,1,1.3938120729454704,0.0,-1.6351435054106949,1.3630633148914635,1,1,1,2.22980042211697,0.0,1,1,1,1,0.0,1,1,-0.045965726345606764,1
1,0.0,0.08333333333333333,0.0,1,0.0,0.0,1,1,0.0,0.0,0.0,0.0,1,0.0,1,3.564305081612123,0.0,1,0.0,0.9440887034320591,1,1,0.0,0.0,1,0.0,0.0,0.0,0.0,1,1,0.0,0.0,0.7484327946581273,0.0,0.0,0.0,0.0,0.0,1,1,1,1,0.12356050938811299,0.0,0.25972569568189285,0.11760211684841834,1,1,1,0.05018827210408206,0.0,1,1,1,1,0.0,1,1,12.987296979836575,1
1,0.0,-0.4166666666666667,0.0,1,0.0,0.0,1,1,0.0,0.0,0.0,0.0,1,0.0,1,0.08091067279577124,0.0,1,0.0,0.09889127434951953,1,1,0.0,0.0,1,0.0,0.0,0.0,0.0,1,1,0.0,0.0,2.157436365475194,0.0,0.0,0.0,0.0,0.0,1,1,1,1,-0.1515720387971908,0.0,0.08234036491522242,-0.15216091506933885,1,1,1,-0.025087322130498035,0.0,1,1,1,1,0.0,1,1,0.04082814892784745,1
1,0.0,-0.16666666666666666,0.0,1,0.0,0.0,1,1,0.0,0.0,0.0,0.0,1,0.0,1,-0.21958683037484147,0.0,0,0.0,-0.8191061602837202,1,1,0.0,13.301642063616507,1,0.0,0.0,0.0,0.0,0,1,0.0,0.0,-0.020279979023247238,-0.0,9.671967744728997,9.43732298639085,1.618749227604648,0.0,0,0,1,1,-0.14525163585954898,1.0,0.03427746273928647,-0.1459638617921242,1,0,1,-0.024943737169886702,0.0,1,1,1,1,0.9536824744959824,1,1,-0.051341758510411256,1
0,15.23135109803544,0.25,-0.5062469043548521,0,0.0,0.8034675042006285,1,0,3.056954052267535,0.0,5.1376534949208414,60.412438383407334,0,4.117612394170955,1,-0.18468163927455986,0.0,0,0.5897111853469055,-0.4946680231230448,0,1,0.869602139222779,6.10495282325429,0,3.5778993864064788,0.7616254166840756,1.400432458616063,0.0,0,0,144.91562303495252,4727.737290826436,0.49072691014395764,31.287778536562215,5.243095304289352,1.6583072852356764,2.0642809141968463,105.02350108293412,0,0,0,1,-0.15471298948895867,11.0,0.0777927509134861,-0.1552405666311192,0,0,0,-0.025130942076213546,0.0,0,0,0,1,0.4377043441191068,0,0,-0.04898975466511654,1
1,0.0,0.3333333333333333,0.0,1,0.0,0.0,1,1,0.0,0.0,0.0,0.0,1,0.0,1,7.672937678004629,0.0,1,0.0,1.1948271936200354,1,1,0.0,0.0,1,0.0,0.0,0.0,0.0,1,1,0.0,0.0,0.09341720420144728,0.0,0.0,0.0,0.0,0.0,1,1,1,1,2.402121952169179,0.0,-1.661009711134161,2.3516949105571934,1,1,1,6.104181036668872,0.0,1,1,1,1,0.0,1,1,56.36735603417337,1
1,0.0,0.16666666666666666,0.0,1,0.0,0.0,1,1,0.0,0.0,0.0,0.0,1,0.0,1,2.491399839004365,0.0,1,0.0,0.8306797733872154,1,1,0.0,0.0,1,0.0,0.0,0.0,0.0,1,1,0.0,0.0,4.54655736116189,0.0,0.0,0.0,0.0,0.0,1,1,1,1,-0.12323268944565201,0.0,0.3817295984531622,-0.124374639493907,1,1,1,-0.02386114172421397,0.0,1,1,1,1,0.0,1,1,6.669101783423376,1
1,0.0,0.3333333333333333,0.0,1,0.0,0.0,1,1,0.0,0.0,0.0,0.0,1,0.0,1,0.050100698028806984,0.0,1,0.0,0.0645146386656439,1,1,0.0,0.0,1,0.0,0.0,0.0,0.0,1,1,0.0,0.0,0.0,0.0,0.0,0.0,0.0,0.0,1,1,1,1,0.01833697210654355,0.0,-0.10708638011020391,0.014432133386230723,1,1,1,0.004713599441465525,0.0,1,1,1,1,0.0,1,1,0.02389016328544455,1
1,0.0,-0.08333333333333333,0.0,1,0.0,0.0,1,1,0.0,0.0,0.0,0.0,1,0.0,1,-0.0842376295795316,0.0,1,0.0,-0.14675824849431615,1,1,0.0,0.0,1,0.0,0.0,0.0,0.0,1,1,0.0,0.0,-0.06118549061105615,0.0,0.0,0.0,0.0,0.0,1,1,1,1,0.07590113966840785,0.0,-0.18823955509618842,0.07087287249083002,1,1,1,0.02703076740427643,0.0,1,1,1,1,0.0,1,1,-0.029970258435537394,1
1,0.0,-1.4166666666666667,0.0,1,0.0,0.0,1,1,0.0,0.0,0.0,0.0,1,0.0,1,0.4630065112332578,0.0,1,0.0,0.36648255210081476,1,1,0.0,0.0,1,0.0,0.0,0.0,0.0,1,1,0.0,0.0,-0.09148629498655905,0.0,0.0,0.0,0.0,0.0,1,1,1,1,3.7384376850310392,0.0,-4.105517254996551,3.6619309625034124,1,1,1,14.16305696796364,0.0,1,1,1,1,0.0,1,1,0.3930638231906176,1
0,-9.42209647838055,-0.9166666666666666,-1.677608078858921,0,2.7241267268769422,0.1827170679566563,0,0,3.5924030416870494,0.168120230892693,3.8440953993302958,132.6570114631603,0,4.895276902586808,0,0.1808365397200661,-8.388847680049519,0,0.1678143907207934,0.19130265478339975,0,0,0.7354232056884815,12.385759504012881,0,2.4518898906753903,0.08200811989623802,1.5244034255679009,2.346288215995727,0,0,86.97946635070392,21456.443688088806,1.8718394511170895,-4.878717850256379,9.178212863354664,7.756700114828441,1.9478707088591676,1584.7010982228812,0,0,0,0,-0.15928719724068224,6.0,0.07131758522899104,-0.1477271571057665,0,0,0,-0.02499218235225145,89.24055082233316,0,0,0,0,-0.8880168114437759,0,0,0.10753573443879473,0
1,0.0,0.16666666666666666,0.0,1,0.0,0.0,1,1,0.0,0.0,0.0,0.0,1,0.0,1,-0.15748422828886327,0.0,1,0.0,-0.361090158520379,1,1,0.0,0.0,1,0.0,0.0,0.0,0.0,1,1,0.0,0.0,-0.10161145252973498,0.0,0.0,0.0,0.0,0.0,1,1,1,1,3.7504008774535746,0.0,-4.203575705063667,3.673660679981786,1,1,1,14.25025672193104,0.0,1,1,1,1,0.0,1,1,-0.04563503151583893,1
0,-33.718729769626165,0.0,-1.100060030177269,0,4.618653410427173,0.5058109911787159,0,0,4.004832832824249,0.5429377895551766,6.11239307071637,95.742627290994,0,4.572054125295584,0,-0.00796206709575419,-15.937186246370025,0,0.4093316144816269,-0.011472059978443494,0,0,0.9949814020176077,5.214894219089888,0,4.512874122486915,0.24630507059585222,1.6104040121742753,3.77563759748415,0,0,972.5828439036433,19241.403120776882,1.4926210479616322,83.64277382364884,4.587413418106439,2.2262287744989457,2.0896300332213427,1148.415169352533,0,0,0,0,-0.1603711333751114,8.0,-0.19817541735647273,-0.151950992434447,0,0,0,-0.025083678401119018,1816.9174653015436,0,0,0,0,-0.3738901708007817,0,0,-0.0033800484269753224,0
1,0.0,0.25,0.0,1,0.0,0.0,1,1,0.0,0.0,0.0,0.0,1,0.0,1,0.6841859067990146,0.0,1,0.0,0.45996864046971486,1,1,0.0,0.0,1,0.0,0.0,0.0,0.0,1,1,0.0,0.0,4.127367653446297,0.0,0.0,0.0,0.0,0.0,1,1,1,1,-0.14670075287031575,0.0,0.1596899664984967,-0.1473846976801586,1,1,1,-0.02498324592029,0.0,1,1,1,1,0.0,1,1,0.7172023224496296,1
1,0.0,-1.5,0.0,1,0.0,0.0,1,1,0.0,0.0,0.0,0.0,1,0.0,1,0.8814196858752845,0.0,1,0.0,0.5261060352235744,1,1,0.0,0.0,1,0.0,0.0,0.0,0.0,1,1,0.0,0.0,0.008756242040616915,0.0,0.0,0.0,0.0,0.0,1,1,1,1,0.4776310372134561,0.0,-0.493823352167497,0.46476256634403756,1,1,1,0.3549817173596485,0.0,1,1,1,1,0.0,1,1,1.0806171056385463,1
1,0.0,-0.25,0.0,1,0.0,0.0,1,1,0.0,0.0,0.0,0.0,1,0.0,1,4.761874255544452,0.0,1,0.0,1.0377807917058572,1,1,0.0,0.0,1,0.0,0.0,0.0,0.0,1,1,0.0,0.0,0.26243407678976394,0.0,0.0,0.0,0.0,0.0,1,1,1,1,0.7099625129037325,0.0,-0.21537944236426468,0.6925598360800921,1,1,1,0.6821300973682812,0.0,1,1,1,1,0.0,1,1,22.489926395372795,1
1,0.0,0.0,0.0,1,0.0,0.0,1,1,0.0,0.0,0.0,0.0,1,0.0,1,0.3150565330988676,0.0,0,0.0,0.28577631111388374,1,1,0.0,13.830974206237109,0,0.0,0.0,0.0,0.0,0,1,0.0,0.0,2.703438175924371,-0.0,9.949819099573183,8.041009560192869,2.0540202306630744,0.0,0,0,1,1,-0.1480198763514625,3.0,0.1105505602349617,-0.14867807700621488,1,0,1,-0.02501580247304406,0.0,1,1,1,1,0.9916337879646764,1,1,0.22545794796386037,1
1,0.0,-1.0833333333333333,0.0,1,0.0,0.0,1,1,0.0,0.0,0.0,0.0,1,0.0,1,-0.09704588760184348,0.0,0,0.0,-0.17581518443674937,1,1,0.0,8.012508204398339,1,0.0,0.0,0.0,0.0,0,1,0.0,0.0,1.2278204112098638,0.0,6.555441739810492,2.5228804189630907,1.8546611827471022,0.0,0,0,1,1,-0.15377875181453812,1.0,0.06036252759885353,-0.15432456163917713,1,0,1,-0.02511989191947584,0.0,1,1,1,1,0.5744695741130472,1,1,-0.03340707565975706,1
1,0.0,0.0,0.0,1,0.0,0.0,1,1,0.0,0.0,0.0,0.0,1,0.0,1,-0.20087480282232134,0.0,1,0.0,-0.6090915807165925,1,1,0.0,0.0,1,0.0,0.0,0.0,0.0,1,1,0.0,0.0,0.13051998181725244,0.0,0.0,0.0,0.0,0.0,1,1,1,1,-0.15006018040458258,0.0,0.04208278143220932,-0.15067856226698845,1,1,1,-0.025059761071240326,0.0,1,1,1,1,0.0,1,1,-0.05035395109992791,1
1,0.0,0.25,0.0,1,0.0,0.0,1,1,0.0,0.0,0.0,0.0,1,0.0,1,0.22971373000109976,0.0,1,0.0,0.22879054134890392,1,1,0.0,0.0,1,0.0,0.0,0.0,0.0,1,1,0.0,0.0,-0.08240984399627868,0.0,0.0,0.0,0.0,0.0,1,1,1,1,1.2926227548705453,0.0,-1.4714807720475056,1.2638488183819587,1,1,1,1.9457655424636129,0.0,1,1,1,1,0.0,1,1,0.14671893684695542,1
1,0.0,0.0,0.0,1,0.0,0.0,1,1,0.0,0.0,0.0,0.0,1,0.0,1,6.971239092918916,0.0,1,0.0,1.1630325889052557,1,1,0.0,0.0,1,0.0,0.0,0.0,0.0,1,1,0.0,0.0,1.1120160793369533,0.0,0.0,0.0,0.0,0.0,1,1,1,1,0.21686747141734805,0.0,0.6248292001018623,0.20908809021674846,1,1,1,0.10780146974295007,0.0,1,1,1,1,0.0,1,1,46.80427683414663,1
1,0.0,0.08333333333333333,0.0,1,0.0,0.0,1,1,0.0,0.0,0.0,0.0,1,0.0,1,-0.1744501029053385,0.0,1,0.0,-0.43814072053188885,1,1,0.0,0.0,1,0.0,0.0,0.0,0.0,1,1,0.0,0.0,-0.09659047330737583,0.0,0.0,0.0,0.0,0.0,1,1,1,1,0.49061392058047015,0.0,-0.6526479599828021,0.47749207436924396,1,1,1,0.3706052472512396,0.0,1,1,1,1,0.0,1,1,-0.04788415380432214,1
1,0.0,-0.08333333333333333,0.0,1,0.0,0.0,1,1,0.0,0.0,0.0,0.0,1,0.0,1,1.5981888675267522,0.0,1,0.0,0.6951510193510548,1,1,0.0,0.0,1,0.0,0.0,0.0,0.0,1,1,0.0,0.0,6.908953737979677,0.0,0.0,0.0,0.0,0.0,1,1,1,1,-0.1439195755516031,0.0,0.2818930621248184,-0.14465779811576568,1,1,1,-0.0249039622972074,0.0,1,1,1,1,0.0,1,1,2.9916838609541454,1
1,0.0,-1.4166666666666667,0.0,1,0.0,0.0,1,1,0.0,0.0,0.0,0.0,1,0.0,1,-0.20699593036935837,0.0,1,0.0,-0.6647312441167617,1,1,0.0,0.0,1,0.0,0.0,0.0,0.0,1,1,0.0,0.0,0.051893061795334976,0.0,0.0,0.0,0.0,0.0,1,1,1,1,-0.147228481262053,0.0,0.03815745261624624,-0.1479021268681013,1,1,1,-0.024996660272196543,0.0,1,1,1,1,0.0,1,1,-0.05074653827174255,1
1,0.0,-1.5833333333333333,0.0,1,0.0,0.0,1,1,0.0,0.0,0.0,0.0,1,0.0,1,0.6216862571063775,0.0,1,0.0,0.43603325890482736,1,1,0.0,0.0,1,0.0,0.0,0.0,0.0,1,1,0.0,0.0,-0.0675674999563581,0.0,0.0,0.0,0.0,0.0,1,1,1,1,1.3875919452227201,0.0,-1.5212924507763563,1.3569645798473107,1,1,1,2.2117894270365386,0.0,1,1,1,1,0.0,1,1,0.6166718479844899,1
1,0.0,0.08333333333333333,0.0,1,0.0,0.0,1,1,0.0,0.0,0.0,0.0,1,0.0,1,7.229550095620563,0.0,1,0.0,1.1750828975936483,1,1,0.0,0.0,1,0.0,0.0,0.0,0.0,1,1,0.0,0.0,2.193217686451546,0.0,0.0,0.0,0.0,0.0,1,1,1,1,0.046288565406592125,0.0,0.846157832598557,0.04183822039878847,1,1,1,0.014777706810067863,0.0,1,1,1,1,0.0,1,1,50.22144918184295,1
1,0.0,-0.08333333333333333,0.0,1,0.0,0.0,1,1,0.0,0.0,0.0,0.0,1,0.0,1,-0.19565950849766148,0.0,1,0.0,-0.5679140051034761,1,1,0.0,0.0,1,0.0,0.0,0.0,0.0,1,1,0.0,0.0,-0.10083407190224844,0.0,0.0,0.0,0.0,0.0,1,1,1,1,1.1605677335396487,0.0,-1.385821066332617,1.1343709969858726,1,1,1,1.603838079175513,0.0,1,1,1,1,0.0,1,1,-0.049966181615766915,1
0,-0.0044359608498888,-1.4166666666666667,-1.9748699054939265,0,0.008388242710093492,0.0128291863961156,0,0,0.2530069592516001,0.917414799259244,0.4204046775540291,192.87207018382617,0,5.267198509500254,0,-0.1907238331281306,-0.00015168300710033104,0,0.0127475889598088,-0.5330338855371033,0,0,-0.222774925344535,0.5039400218201009,0,0.11580339180963128,0.01712843260011127,0.22554622997001592,0.004189377591781931,0,0,0.008304238245508603,1041.5045232006366,-0.06396681549935092,-0.122694940106166,0.512591557550002,1.8566819550601965,1.9363151204451226,1.5178202200203417,0,0,0,0,-0.0813023870708728,2.0,-0.0314090013211581,-0.08293631758594303,0,0,0,-0.019247680796958266,1.762459189853219e-05,0,0,0,0,-0.0361307848090062,0,0,-0.049554052536425815,0
0,-22.931154124941298,0.25,-1.2957572341617,0,3.760552062269318,0.3727627933614506,0,0,2.645533211425968,0.9173863201714112,4.860728379237093,107.2029499933534,0,4.6840086303046125,0,-0.1631546890987882,-15.936114166380293,0,0.3168253389142902,-0.38496436852492777,0,0,0.9552631357071314,9.48275837863353,0,3.547550962110554,0.41829877499022355,1.2935026404754815,3.1962025740691615,0,0,116.23739536044964,9036.726758125551,0.2551603062585274,-24.733603207178195,7.491346096893554,5.949488732480233,1.8299823822791665,121.029714683471,0,0,0,0,-0.16002786063837784,2.0,-0.12043929026799798,-0.14770298080085673,0,0,0,-0.024991558945200838,549.4123350666999,0,0,0,0,-0.6798815087889938,0,0,-0.04644446951212198,0
0,0.0238564775755502,0.25,-1.2134213042502435,0,0.019327143034960564,0.0001070993425937,0,0,0.00129532989803,0.1042292440489147,0.05778204079338752,102.32292516167666,0,4.637859279496216,0,-0.21320375061648733,0.022366575146896446,0,0.0001070935990202,-0.7322381239701531,0,0,0.9769602586042716,13.069889885097957,0,0.025140003155118294,0.00034331205323049317,0.0012944916820237233,0.023588309112912695,0,0,1.412319282732805e-05,2.4939534061514554,-0.03095367934350116,0.0088889121601899,9.548615823437473,14.058863650129247,1.405957449070757,0.006713854639978228,0,0,0,0,-0.13788082647283806,6.0,0.02672216842900091,-0.13820561516642665,0,0,0,-0.024658870829258127,0.0005697154933236625,0,0,0,0,0.9370666318787806,0,0,-0.05107571435555486,0
1,0.0,-0.25,0.0,1,0.0,0.0,1,1,0.0,0.0,0.0,0.0,1,0.0,1,3.4186518783795323,0.0,1,0.0,0.9307249917482122,1,1,0.0,0.0,1,0.0,0.0,0.0,0.0,1,1,0.0,0.0,15.775431050151962,0.0,0.0,0.0,0.0,0.0,1,1,1,1,-0.14593548063606382,0.0,0.533526240303193,-0.1466343605807645,1,1,1,-0.02496286994190877,0.0,1,1,1,1,0.0,1,1,12.007856324319969,1
1,-0.0,0.3333333333333333,0.0,1,0.0,0.0,1,1,0.0,0.0,0.0,0.0,1,0.0,1,-0.0798927599714228,0.0,0,0.0,-0.1374360358493275,1,1,0.0,2.8483482384031733,1,0.0,0.0,0.0,0.0,0,1,0.0,0.0,-0.02001944673822292,0.0,2.6837292862207427,16.136685722280884,1.882133074443311,0.0,0,0,1,1,-0.03816417367814517,1.0,-0.06331007929700407,-0.040966329988009136,1,0,1,-0.011176552176691475,0.0,1,1,1,1,-0.2042168766258366,1,1,-0.028737245353641135,1
1,0.0,0.25,0.0,1,0.0,0.0,1,1,0.0,0.0,0.0,0.0,1,0.0,1,2.2226113453150913,0.0,1,0.0,0.7952252075731928,1,1,0.0,0.0,1,0.0,0.0,0.0,0.0,1,1,0.0,0.0,0.04114759812931661,0.0,0.0,0.0,0.0,0.0,1,1,1,1,0.926125982383571,0.0,-0.7989273848012071,0.9045046361459449,1,1,1,1.076993012335259,0.0,1,1,1,1,0.0,1,1,5.411230117952575,1
1,0.0,0.08333333333333333,0.0,1,0.0,0.0,1,1,0.0,0.0,0.0,0.0,1,0.0,1,-0.20314570413697786,0.0,1,0.0,-0.6286944847960211,1,1,0.0,0.0,1,0.0,0.0,0.0,0.0,1,1,0.0,0.0,0.10835798362775517,0.0,0.0,0.0,0.0,0.0,1,1,1,1,-0.1496395240282051,0.0,0.04131310122329384,-0.15026611546549004,1,1,1,-0.025051333843665435,0.0,1,1,1,1,0.0,1,1,-0.05050747786374647,1
1,0.0,-1.5,0.0,1,0.0,0.0,1,1,0.0,0.0,0.0,0.0,1,0.0,1,13.503211360743991,0.0,1,0.0,1.3838585453324694,1,1,0.0,0.0,1,0.0,0.0,0.0,0.0,1,1,0.0,0.0,2.416398367860344,0.0,0.0,0.0,0.0,0.0,1,1,1,1,0.18633483966012307,0.0,1.5531068607233989,0.17915133656988436,1,1,1,0.08716002386133917,0.0,1,1,1,1,0.0,1,1,170.14419989169033,1
1,0.0,-1.5,0.0,1,0.0,0.0,1,1,0.0,0.0,0.0,0.0,1,0.0,1,0.4477341613311261,0.0,1,0.0,0.3589787781172009,1,1,0.0,0.0,1,0.0,0.0,0.0,0.0,1,1,0.0,0.0,-0.07087489581875661,0.0,0.0,0.0,0.0,0.0,1,1,1,1,1.2022928698408928,0.0,-1.3431461792091877,1.1752818210597455,1,1,1,1.7083585544352786,0.0,1,1,1,1,0.0,1,1,0.3739364408972261,1
1,-0.0,0.0,0.0,1,0.0,0.0,1,1,0.0,0.0,0.0,0.0,1,0.0,1,-0.2313836123868492,0.0,0,0.0,-1.0803072732398322,1,1,0.0,11.842783398191093,0,0.0,0.0,0.0,0.0,0,1,0.0,0.0,-0.10268946442992419,0.0,8.877318595941823,1107.8085484734415,2.0825369568273153,0.0,0,0,1,1,1.8607436347210322,4.0,-2.1539258047302794,1.820882190315223,1,0,1,3.7880383493642524,0.0,1,1,1,1,-0.8490872722398374,1,1,-0.051640176848283675,1
1,0.0,-1.3333333333333333,0.0,1,0.0,0.0,1,1,0.0,0.0,0.0,0.0,1,0.0,1,-0.1523591726086436,0.0,1,0.0,-0.34085681827345593,1,1,0.0,0.0,1,0.0,0.0,0.0,0.0,1,1,0.0,0.0,-0.09874002424974104,0.0,0.0,0.0,0.0,0.0,1,1,1,1,1.1575417577217921,0.0,-1.3765897585345959,1.1314040764360545,1,1,1,1.5963844639220002,0.0,1,1,1,1,0.0,1,1,-0.04485358899232964,1
1,0.0,-1.5,0.0,1,0.0,0.0,1,1,0.0,0.0,0.0,0.0,1,0.0,1,1.4089261376139703,0.0,1,0.0,0.6579749832531729,1,1,0.0,0.0,1,0.0,0.0,0.0,0.0,1,1,0.0,0.0,-0.025296458806518717,0.0,0.0,0.0,0.0,0.0,1,1,1,1,1.1895742351679528,0.0,-1.1975821524393784,1.1628114046228075,1,1,1,1.6761543642197823,0.0,1,1,1,1,0.0,1,1,2.397097540606325,1
1,0.0,0.08333333333333333,0.0,1,0.0,0.0,1,1,0.0,0.0,0.0,0.0,1,0.0,1,-0.23876698511198438,0.0,0,0.0,-1.5114360721223628,1,1,0.0,0.05036939287566075,1,0.0,0.0,0.0,0.0,0,1,0.0,0.0,-0.09802430857851274,-0.0,0.052060266884762105,0.022694934555135684,0.34021504278969805,0.0,0,1,1,1,-0.1508464250851258,1.0,0.037747906068470415,-0.1514494625121666,1,0,1,-0.025074626701349467,0.0,1,1,1,1,0.0036113140773734,1,1,-0.05169933360660003,1
1,0.0,-0.08333333333333333,0.0,1,0.0,0.0,1,1,0.0,0.0,0.0,0.0,1,0.0,1,2.2298720354444517,0.0,1,0.0,0.7962327754509569,1,1,0.0,0.0,1,0.0,0.0,0.0,0.0,1,1,0.0,0.0,0.2008744642405822,0.0,0.0,0.0,0.0,0.0,1,1,1,1,0.3563292695773434,0.0,-0.17683933854475348,0.34582813699232734,1,1,1,0.22421018220544472,0.0,1,1,1,1,0.0,1,1,5.443497376086381,1
1,0.0,-1.1666666666666667,0.0,1,0.0,0.0,1,1,0.0,0.0,0.0,0.0,1,0.0,1,-0.13817929983206959,0.0,1,0.0,-0.2904031591739734,1,1,0.0,0.0,1,0.0,0.0,0.0,0.0,1,1,0.0,0.0,-0.08577860707200036,0.0,0.0,0.0,0.0,0.0,1,1,1,1,0.214854096501423,0.0,-0.3470928513268804,0.2071140085412453,1,1,1,0.10638674734064511,0.0,1,1,1,1,0.0,1,1,-0.04244482842652329,1
1,0.0,-1.4166666666666667,0.0,1,0.0,0.0,1,1,0.0,0.0,0.0,0.0,1,0.0,1,3.428555143927885,0.0,1,0.0,0.9316503277638717,1,1,0.0,0.0,1,0.0,0.0,0.0,0.0,1,1,0.0,0.0,0.25883364456895336,0.0,0.0,0.0,0.0,0.0,1,1,1,1,0.4842370737314285,0.0,-0.15202127295306828,0.47123967874604755,1,1,1,0.36289206958657744,0.0,1,1,1,1,0.0,1,1,12.073239047242025,1
1,0.0,-1.5833333333333333,0.0,1,0.0,0.0,1,1,0.0,0.0,0.0,0.0,1,0.0,1,-0.2258185679744988,0.0,1,0.0,-0.9325022563685241,1,1,0.0,0.0,1,0.0,0.0,0.0,0.0,1,1,0.0,0.0,-0.03985459847852961,0.0,0.0,0.0,0.0,0.0,1,1,1,1,-0.14677531911539202,0.0,0.035084458212515233,-0.1474578086824125,1,1,1,-0.024985172859504818,0.0,1,1,1,1,0.0,1,1,-0.051530652420159646,1
1,0.0,-0.25,0.0,1,0.0,0.0,1,1,0.0,0.0,0.0,0.0,1,0.0,1,0.8803969330488777,0.0,1,0.0,0.5257940209544718,1,1,0.0,0.0,1,0.0,0.0,0.0,0.0,1,1,0.0,0.0,-0.003965394900013082,0.0,0.0,0.0,0.0,0.0,1,1,1,1,0.5590023703990827,0.0,-0.5826603521663988,0.5445458478791634,1,1,1,0.4580971601142585,0.0,1,1,1,1,0.0,1,1,1.078551782634618,1
1,0.0,0.0,0.0,1,0.0,0.0,1,1,0.0,0.0,0.0,0.0,1,0.0,1,-0.15641864687401089,0.0,1,0.0,-0.35678375796352363,1,1,0.0,0.0,1,0.0,0.0,0.0,0.0,1,1,0.0,0.0,-0.05607235990712833,0.0,0.0,0.0,0.0,0.0,1,1,1,1,-0.04783294890312014,0.0,-0.0632562700797754,-0.05044640836050271,1,1,1,-0.013298656389733805,0.0,1,1,1,1,0.0,1,1,-0.0454764552178851,1
1,-0.0,0.25,0.0,1,0.0,0.0,1,1,0.0,0.0,0.0,0.0,1,0.0,1,0.9321143873086777,0.0,0,0.0,0.5412258515599077,1,1,0.0,0.5540698337331457,1,0.0,0.0,0.0,0.0,0,1,0.0,0.0,12.026331449042559,0.0,0.5626010015342402,0.1573902389671495,1.85759655235105,0.0,0,0,1,1,-0.1544444170558159,2.0,0.2021013699026037,-0.15497723568633645,1,0,1,-0.02512793225642198,0.0,1,1,1,1,-0.0397249217465816,1,1,1.1853514611201548,1
1,0.0,0.16666666666666666,0.0,1,0.0,0.0,1,1,0.0,0.0,0.0,0.0,1,0.0,1,0.40954127466417617,0.0,1,0.0,0.3394605863914678,1,1,0.0,0.0,1,0.0,0.0,0.0,0.0,1,1,0.0,0.0,-0.08620302425970329,0.0,0.0,0.0,0.0,0.0,1,1,1,1,2.3049619743509813,0.0,-2.5503172206828264,2.2564311172685625,1,1,1,5.648226941014447,0.0,1,1,1,1,0.0,1,1,0.3279431068172093,1
1,-0.0,0.0,0.0,1,0.0,0.0,1,1,0.0,0.0,0.0,0.0,1,0.0,1,-0.11296984228438656,0.0,0,0.0,-0.21575853652122606,1,1,0.0,5.516270249517225,0,0.0,0.0,0.0,0.0,0,1,0.0,0.0,0.6714301427946401,0.0,4.812778380965036,2.6519450621981338,1.8985442690516519,0.0,0,0,1,1,-0.15019428534787818,4.0,0.054273501313340806,-0.15081005000385267,1,0,1,-0.025062378231877746,0.0,1,1,1,1,-0.395497806690931,1,1,-0.037267613143014404,1
1,0.0,-1.3333333333333333,0.0,1,0.0,0.0,1,1,0.0,0.0,0.0,0.0,1,0.0,1,0.14539394363260108,0.0,1,0.0,0.16129848850770495,1,1,0.0,0.0,1,0.0,0.0,0.0,0.0,1,1,0.0,0.0,-0.02604734296847741,0.0,0.0,0.0,0.0,0.0,1,1,1,1,0.15775544827733579,0.0,-0.24599926853097406,0.15112970364918604,1,1,1,0.06941574507123018,0.0,1,1,1,1,0.0,1,1,0.08181572907759685,1
1,0.0,0.25,0.0,1,0.0,0.0,1,1,0.0,0.0,0.0,0.0,1,0.0,1,-0.01990897088329467,0.0,1,0.0,-0.029440408176883464,1,1,0.0,0.0,1,0.0,0.0,0.0,0.0,1,1,0.0,0.0,-0.09064922475749422,0.0,0.0,0.0,0.0,0.0,1,1,1,1,0.9752842957344632,0.0,-1.159776363754414,0.9527035705903291,1,1,1,1.178962541995089,0.0,1,1,1,1,0.0,1,1,-0.008237393658100394,1
1,0.0,-0.5833333333333334,0.0,1,0.0,0.0,1,1,0.0,0.0,0.0,0.0,1,0.0,1,-0.19357207848823094,0.0,1,0.0,-0.5527266681587931,1,1,0.0,0.0,1,0.0,0.0,0.0,0.0,1,1,0.0,0.0,-0.1009430010311326,0.0,0.0,0.0,0.0,0.0,1,1,1,1,1.2987307448494698,0.0,-1.5361363188497366,1.2698376041745005,1,1,1,1.9623684429073662,0.0,1,1,1,1,0.0,1,1,-0.04979723900231188,1
1,0.0,0.16666666666666666,0.0,1,0.0,0.0,1,1,0.0,0.0,0.0,0.0,1,0.0,1,-0.23388115653798583,0.0,1,0.0,-1.1752907939594581,1,1,0.0,0.0,1,0.0,0.0,0.0,0.0,1,1,0.0,0.0,-0.0979542045249194,0.0,0.0,0.0,0.0,0.0,1,1,1,1,-0.08872844232319517,0.0,-0.02929286169118169,-0.09054378095250126,1,1,1,-0.020344499514823727,0.0,1,1,1,1,0.0,1,1,-0.05167118406608638,1
1,0.0,-1.5833333333333333,0.0,1,0.0,0.0,1,1,0.0,0.0,0.0,0.0,1,0.0,1,-0.23286282307682424,0.0,1,0.0,-1.133337281455122,1,1,0.0,0.0,1,0.0,0.0,0.0,0.0,1,1,0.0,0.0,-0.09355955806206806,0.0,0.0,0.0,0.0,0.0,1,1,1,1,-0.11547398166734733,0.0,0.0,-0.1167673514872925,1,1,1,-0.023264049039752113,0.0,1,1,1,1,0.0,1,1,-0.051659898819009946,1
1,0.0,0.25,0.0,1,0.0,0.0,1,1,0.0,0.0,0.0,0.0,1,0.0,1,0.6461326434040278,0.0,1,0.0,0.445595615811061,1,1,0.0,0.0,1,0.0,0.0,0.0,0.0,1,1,0.0,0.0,-0.030183828646544068,0.0,0.0,0.0,0.0,0.0,1,1,1,1,0.613531993160009,0.0,-0.6741974274548815,0.5980112646840543,1,1,1,0.5341145000920233,0.0,1,1,1,1,0.0,1,1,0.6551554580119224,1
1,0.0,-1.5833333333333333,0.0,1,0.0,0.0,1,1,0.0,0.0,0.0,0.0,1,0.0,1,1.1381966825815355,0.0,1,0.0,0.5966215606242486,1,1,0.0,0.0,1,0.0,0.0,0.0,0.0,1,1,0.0,0.0,0.07587035403016354,0.0,0.0,0.0,0.0,0.0,1,1,1,1,0.32941792439773354,0.0,-0.2970842007118086,0.3194419965065153,1,1,1,0.19892046282258485,0.0,1,1,1,1,0.0,1,1,1.6588008039574536,1
1,0.0,-1.1666666666666667,0.0,1,0.0,0.0,1,1,0.0,0.0,0.0,0.0,1,0.0,1,-0.04225357863573917,0.0,1,0.0,-0.06580875195311452,1,1,0.0,0.0,1,0.0,0.0,0.0,0.0,1,1,0.0,0.0,-0.09362532029075175,0.0,0.0,0.0,0.0,0.0,1,1,1,1,1.1855143910591293,0.0,-1.3919942313494835,1.1588307928662807,1,1,1,1.6659382190101695,0.0,1,1,1,1,0.0,1,1,-0.01663171615264049,1
1,0.0,-1.4166666666666667,0.0,1,0.0,0.0,1,1,0.0,0.0,0.0,0.0,1,0.0,1,-0.11735867781064907,0.0,1,0.0,-0.2276387991488349,1,1,0.0,0.0,1,0.0,0.0,0.0,0.0,1,1,0.0,0.0,-0.07580099509237388,0.0,0.0,0.0,0.0,0.0,1,1,1,1,0.12563332998814358,0.0,-0.24698710534901513,0.11963448405969149,1,1,1,0.05129165679042226,0.0,1,1,1,1,0.0,1,1,-0.038251286064070154,1
0,-0.2670176777232971,0.25,-0.3031779964703868,0,0.390233735674289,0.0512141912368024,0,0,0.0297887119638472,0.545180992363544,0.958552147728959,45.82741425709219,0,3.8464688061487493,0,-0.2382369278720619,-0.2126952024341195,0,0.0499457861733926,-1.4544574900853173,0,0,0.717244097498875,11.118999136110276,0,0.28889140638897864,0.14358444869051512,0.02935364718300209,0.23649773469642818,0,0,0.0021097160499677138,434.02125520139384,-0.10271631088193706,-0.2022149543858367,8.46622479931951,183.3223679213623,2.0512547376147996,0.003718726458598645,0,0,0,0,0.12064996461448386,5.0,-0.34200259218029205,0.18831816192974796,0,0,0,0.09329572911098205,0.07118474042871178,0,0,0,0,-0.7971944034676032,0,0,-0.051698360309703,0
1,0.0,0.08333333333333333,0.0,1,0.0,0.0,1,1,0.0,0.0,0.0,0.0,1,0.0,1,3.9374442341607896,0.0,1,0.0,0.9761192876359011,1,1,0.0,0.0,1,0.0,0.0,0.0,0.0,1,1,0.0,0.0,0.016399132896231246,0.0,0.0,0.0,0.0,0.0,1,1,1,1,2.0653085823399158,0.0,-1.8057033943457215,2.021454826514559,1,1,1,4.5989109748593995,0.0,1,1,1,1,0.0,1,1,15.670908702998812,1
1,0.0,0.0,0.0,1,0.0,0.0,1,1,0.0,0.0,0.0,0.0,1,0.0,1,-0.23514680699839424,0.0,0,0.0,-1.2358067068405556,1,1,0.0,6.818506089431119,1,0.0,0.0,0.0,0.0,0,1,0.0,0.0,-0.08267910236102283,0.0,5.748064280851344,4.329569224913802,1.0332387755741324,0.0,1,0,1,1,-0.1468617375372511,1.0,0.03390052198878905,-0.14754254055309818,1,0,1,-0.024987393098425254,0.0,1,1,1,1,0.4888636852980101,1,1,-0.051682605086364554,1
1,0.0,0.3333333333333333,0.0,1,0.0,0.0,1,1,0.0,0.0,0.0,0.0,1,0.0,1,-0.12398041936457442,0.0,1,0.0,-0.24638153932807827,1,1,0.0,0.0,1,0.0,0.0,0.0,0.0,1,1,0.0,0.0,-0.09443525821156172,0.0,0.0,0.0,0.0,0.0,1,1,1,1,0.7028663415798966,0.0,-0.877093362935299,0.6856021543955663,1,1,1,0.6706462180837307,0.0,1,1,1,1,0.0,1,1,-0.03966971884268881,1
1,0.0,-0.5,0.0,1,0.0,0.0,1,1,0.0,0.0,0.0,0.0,1,0.0,1,3.6077283546223673,0.0,1,0.0,0.9479739458381328,1,1,0.0,0.0,1,0.0,0.0,0.0,0.0,1,1,0.0,0.0,7.212416267488873,0.0,0.0,0.0,0.0,0.0,1,1,1,1,-0.12714042552073995,0.0,0.5389459803963472,-0.1282061117733704,1,1,1,-0.024119324148742332,0.0,1,1,1,1,0.0,1,1,13.28669432330541,1
1,0.0,-0.08333333333333333,0.0,1,0.0,0.0,1,1,0.0,0.0,0.0,0.0,1,0.0,1,9.586525041579367,0.0,1,0.0,1.268988508932158,1,1,0.0,0.0,1,0.0,0.0,0.0,0.0,1,1,0.0,0.0,0.12106278790586485,0.0,0.0,0.0,0.0,0.0,1,1,1,1,2.6291390213083687,0.0,-1.6462687265423028,2.574281490269401,1,1,1,7.238215167755963,0.0,1,1,1,1,0.0,1,1,86.95656324754718,1
1,-0.0,0.3333333333333333,0.0,1,0.0,0.0,1,1,0.0,0.0,0.0,0.0,1,0.0,1,0.3554661259188729,0.0,0,0.0,0.3097728783533814,1,1,0.0,7.7627171643189685,1,0.0,0.0,0.0,0.0,0,1,0.0,0.0,1.2394546782780234,-0.0,6.390227663859447,10.12467197580009,2.006277102159144,0.0,1,0,1,1,-0.13239923064741474,1.0,0.09906048353108134,-0.13336228549615722,1,0,1,-0.024421781790849185,0.0,1,1,1,1,-0.5565604065027251,1,1,0.26732001091574775,1
1,0.0,-1.1666666666666667,0.0,1,0.0,0.0,1,1,0.0,0.0,0.0,0.0,1,0.0,1,3.387637854596379,0.0,1,0.0,0.9278108383363532,1,1,0.0,0.0,1,0.0,0.0,0.0,0.0,1,1,0.0,0.0,-0.028220496186367714,0.0,0.0,0.0,0.0,0.0,1,1,1,1,2.926490352657852,0.0,-2.8197471171017447,2.8658296812002444,1,1,1,8.86911513898272,0.0,1,1,1,1,0.0,1,1,11.804241051939279,1
1,0.0,0.16666666666666666,0.0,1,0.0,0.0,1,1,0.0,0.0,0.0,0.0,1,0.0,1,-0.1549747602944974,0.0,1,0.0,-0.35103356744350167,1,1,0.0,0.0,1,0.0,0.0,0.0,0.0,1,1,0.0,0.0,-0.0909144384012483,0.0,0.0,0.0,0.0,0.0,1,1,1,1,0.28633910401387236,0.0,-0.42731464109062006,0.2772039069935144,1,1,1,0.16125144805545868,0.0,1,1,1,1,0.0,1,1,-0.04525831553864201,1
1,0.0,-0.16666666666666666,0.0,1,0.0,0.0,1,1,0.0,0.0,0.0,0.0,1,0.0,1,-0.22473071692110844,0.0,1,0.0,-0.9098052392993914,1,1,0.0,0.0,1,0.0,0.0,0.0,0.0,1,1,0.0,0.0,-0.02332430958029104,0.0,0.0,0.0,0.0,0.0,1,1,1,1,-0.14877400658373677,0.0,0.037412134346842124,-0.14941748955213488,1,1,1,-0.02503295553868672,0.0,1,1,1,1,0.0,1,1,-0.05150272062616404,1
1,0.0,-1.4166666666666667,0.0,1,0.0,0.0,1,1,0.0,0.0,0.0,0.0,1,0.0,1,6.754912620740476,0.0,1,0.0,1.1526040541905338,1,1,0.0,0.0,1,0.0,0.0,0.0,0.0,1,1,0.0,0.0,0.39500729048815886,0.0,0.0,0.0,0.0,0.0,1,1,1,1,0.7327410320150479,0.0,0.03287306094094079,0.714893807173641,1,1,1,0.7196281464700414,0.0,1,1,1,1,0.0,1,1,44.035042263683344,1
1,0.0,-0.08333333333333333,0.0,1,0.0,0.0,1,1,0.0,0.0,0.0,0.0,1,0.0,1,0.7516693371670694,0.0,1,0.0,0.4840624672558708,1,1,0.0,0.0,1,0.0,0.0,0.0,0.0,1,1,0.0,0.0,0.44954558280705725,0.0,0.0,0.0,0.0,0.0,1,1,1,1,-0.04648959515658978,0.0,0.059703633611782325,-0.04912927164951627,1,1,1,-0.013014254821277117,0.0,1,1,1,1,0.0,1,1,0.8336539187661743,1
1,0.0,-0.25,0.0,1,0.0,0.0,1,1,0.0,0.0,0.0,0.0,1,0.0,1,2.172320302454704,0.0,1,0.0,0.7881637280672389,1,1,0.0,0.0,1,0.0,0.0,0.0,0.0,1,1,0.0,0.0,1.3026443259098845,0.0,0.0,0.0,0.0,0.0,1,1,1,1,-0.05145954444990346,0.0,0.25977544014638654,-0.05400222688031228,1,1,1,-0.014049621701697,0.0,1,1,1,1,0.0,1,1,5.1903397869023955,1
0,8.125282390335379,0.25,-0.7196856555242862,0,0.0,0.0710219655175581,1,0,2.8016212190015906,0.0,3.9957230935213923,73.72103334146084,0,4.313761623341299,1,0.23417177634994762,0.0,0,0.0686133003043498,0.2320140688988062,0,1,0.9599082603463474,10.308271809248719,0,2.4844029889836228,0.027359877072017383,1.3354276123281976,0.0,0,0,35.0411295441291,3404.038902907761,5.347777154052916,-7.405868592880721,7.991412321759149,2.634167172906716,2.0619725249470156,694.3188685284098,0,0,0,1,-0.15506075605677064,10.0,0.12889386047234697,-0.15558154614936,0,0,0,-0.025134639360115167,0.0,0,0,0,1,0.7390680127915464,0,0,0.15050707310803424,1
1,0.0,-1.5,0.0,1,0.0,0.0,1,1,0.0,0.0,0.0,0.0,1,0.0,1,-0.18947921316604022,0.0,1,0.0,-0.5247717764848978,1,1,0.0,0.0,1,0.0,0.0,0.0,0.0,1,1,0.0,0.0,-0.09827876509778344,0.0,0.0,0.0,0.0,0.0,1,1,1,1,0.5213827007347698,0.0,-0.6882459840049671,0.5076603677157822,1,1,1,0.40888860897779905,0.0,1,1,1,1,0.0,1,1,-0.049443194876432395,1
1,0.0,-1.5833333333333333,0.0,1,0.0,0.0,1,1,0.0,0.0,0.0,0.0,1,0.0,1,-0.15117056967427525,0.0,1,0.0,-0.33633027408401084,1,1,0.0,0.0,1,0.0,0.0,0.0,0.0,1,1,0.0,0.0,-0.09433310217562375,0.0,0.0,0.0,0.0,0.0,1,1,1,1,0.49183771615323135,0.0,-0.6507922190913041,0.4786919862165812,1,1,1,0.37209418231898644,0.0,1,1,1,1,0.0,1,1,-0.04466559412813572,1
1,0.0,-1.3333333333333333,0.0,1,0.0,0.0,1,1,0.0,0.0,0.0,0.0,1,0.0,1,2.155673404451331,0.0,1,0.0,0.7857938545650125,1,1,0.0,0.0,1,0.0,0.0,0.0,0.0,1,1,0.0,0.0,0.2405004768643578,0.0,0.0,0.0,0.0,0.0,1,1,1,1,0.2829486345976617,0.0,-0.10701907350679322,0.27387960634143227,1,1,1,0.15843379369141428,0.0,1,1,1,1,0.0,1,1,5.11822678843361,1
0,-7.820352955133121,0.3333333333333333,-0.6556970273498659,0,2.9687378679794794,0.0907489467174689,0,0,2.774621068447179,0.8797922752398581,3.903870934946912,290.1392524410278,0,5.67380168343736,0,0.12068669422432532,-6.304544038810249,0,0.0868645668690484,0.1387100078629989,0,0,-0.9388585958621676,11.179817468218738,0,2.3755082346886405,0.038833238826410925,1.3282999984433665,2.182155265661242,0,0,29.446639657246102,8402.439007752162,1.4880482515588185,-5.833605624001827,8.501222201406264,7.447052804482614,2.086948280240088,499.9582352647654,0,0,0,0,-0.15895899192153196,2.0,0.03946719431686476,-0.14688272995770388,0,0,0,-0.024969735637172072,61.86440641359001,0,0,0,0,-0.8015548709333882,0,0,0.06522540741855827,0
1,0.0,-0.16666666666666666,0.0,1,0.0,0.0,1,1,0.0,0.0,0.0,0.0,1,0.0,1,4.645712928304766,0.0,1,0.0,1.0297362285578449,1,1,0.0,0.0,1,0.0,0.0,0.0,0.0,1,1,0.0,0.0,1.7392465437210674,0.0,0.0,0.0,0.0,0.0,1,1,1,1,0.008066535805317217,0.0,0.5337892197469563,0.004362136019466967,1,1,1,0.0013820485219730471,0.0,1,1,1,1,0.0,1,1,21.454992238179337,1
1,0.0,0.16666666666666666,0.0,1,0.0,0.0,1,1,0.0,0.0,0.0,0.0,1,0.0,1,-0.16540778836915773,0.0,1,0.0,-0.39493267695776185,1,1,0.0,0.0,1,0.0,0.0,0.0,0.0,1,1,0.0,0.0,-0.0888899193137593,0.0,0.0,0.0,0.0,0.0,1,1,1,1,0.1747579260449529,0.0,-0.30711777195839246,0.1678003592403141,1,1,1,0.07978848229803662,0.0,1,1,1,1,0.0,1,1,-0.04675000331556943,1
1,0.0,0.08333333333333333,0.0,1,0.0,0.0,1,1,0.0,0.0,0.0,0.0,1,0.0,1,0.6827953660645324,0.0,1,0.0,0.45945390398895763,1,1,0.0,0.0,1,0.0,0.0,0.0,0.0,1,1,0.0,0.0,0.24627023819507013,0.0,0.0,0.0,0.0,0.0,1,1,1,1,0.0073827230645411995,0.0,-0.008455549390504087,0.0036916686413525843,1,1,1,0.0011672225198548737,0.0,1,1,1,1,0.0,1,1,0.7148890664103614,1
1,0.0,0.3333333333333333,0.0,1,0.0,0.0,1,1,0.0,0.0,0.0,0.0,1,0.0,1,-0.2387665202681771,0.0,1,0.0,-1.511381710859292,1,1,0.0,0.0,1,0.0,0.0,0.0,0.0,1,1,0.0,0.0,-0.10292947466671863,0.0,0.0,0.0,0.0,0.0,1,1,1,1,2.8347673693401396,0.0,-3.2166485400851608,2.7758967734453135,1,1,1,8.348434158745947,0.0,1,1,1,1,0.0,1,1,-0.051699332974894804,1
1,0.0,-0.8333333333333334,0.0,1,0.0,0.0,1,1,0.0,0.0,0.0,0.0,1,0.0,1,1.0639614026200201,0.0,1,0.0,0.5776829489724391,1,1,0.0,0.0,1,0.0,0.0,0.0,0.0,1,1,0.0,0.0,2.4242616795058187,0.0,0.0,0.0,0.0,0.0,1,1,1,1,-0.1277849339541063,0.0,0.19110722607412836,-0.1288380419111467,1,1,1,-0.024159168303381256,0.0,1,1,1,1,0.0,1,1,1.4794338520972214,1
1,0.0,0.3333333333333333,0.0,1,0.0,0.0,1,1,0.0,0.0,0.0,0.0,1,0.0,1,0.9046449047197888,0.0,1,0.0,0.533115962814077,1,1,0.0,0.0,1,0.0,0.0,0.0,0.0,1,1,0.0,0.0,-0.016751359372041183,0.0,0.0,0.0,0.0,0.0,1,1,1,1,0.683637177265622,0.0,-0.7151931227076965,0.6667482685108262,1,1,1,0.6399997129276486,0.0,1,1,1,1,0.0,1,1,1.1280250688202702,1
1,0.0,-1.25,0.0,1,0.0,0.0,1,1,0.0,0.0,0.0,0.0,1,0.0,1,3.421948882878894,0.0,1,0.0,0.9310333331942159,1,1,0.0,0.0,1,0.0,0.0,0.0,0.0,1,1,0.0,0.0,0.9111100806862408,0.0,0.0,0.0,0.0,0.0,1,1,1,1,0.06904859450550044,0.0,0.2996397679778321,0.06415406233299203,1,1,1,0.024049768431021443,0.0,1,1,1,1,0.0,1,1,12.029603973955677,1
0,134.83119642312167,0.08333333333333333,-0.49997632549719107,0,5.787319289004302,1.5672303546082686,0,0,5.752737845725654,0.6385216329614519,6.4857786599612135,59.998433695141216,0,4.110848186714816,0,0.19622222536870026,133.90986409709745,0,0.942827631710937,0.20355158089722286,0,0,0.8660117348724028,13.872261165451297,0,4.916793854536479,0.4945164843477896,1.909948029422418,4.90998755277767,0,0,8814.865887915139,158046.2597009035,2.1013668562613397,14.077092630459148,9.971267926921453,8.067655656841854,2.0571334147952034,13029.864890482506,0,0,0,0,-0.16048993515648613,11.0,1.6173169167557397,-0.14867404069458964,0,0,0,-0.02501570592453042,18127.31728534617,0,0,0,0,0.9945939224532974,0,0,0.11940556243490236,0
1,0.0,0.08333333333333333,0.0,1,0.0,0.0,1,1,0.0,0.0,0.0,0.0,1,0.0,1,-0.2117749158670252,0.0,0,0.0,-0.7154799120075184,1,1,0.0,13.572885713302519,0,0.0,0.0,0.0,0.0,0,1,0.0,0.0,-0.07981336308028197,0.0,9.81501373150408,47.91225277526205,2.050675776034798,0.0,0,0,1,1,-0.08430448227482193,3.0,-0.031086145054206656,-0.08620615938208494,1,0,1,-0.01973288507161082,0.0,1,1,1,1,0.9731297212183578,1,1,-0.05100610239432682,1
1,0.0,-1.4166666666666667,0.0,1,0.0,0.0,1,1,0.0,0.0,0.0,0.0,1,0.0,1,-0.22569797650627565,0.0,1,0.0,-0.9299108093999613,1,1,0.0,0.0,1,0.0,0.0,0.0,0.0,1,1,0.0,0.0,-0.10240802911567869,0.0,0.0,0.0,0.0,0.0,1,1,1,1,1.475084931237041,0.0,-1.7327687772734648,1.4427500433791092,1,1,1,2.4717704704426855,0.0,1,1,1,1,0.0,1,1,-0.05152766121365435,1
1,0.0,-1.5833333333333333,0.0,1,0.0,0.0,1,1,0.0,0.0,0.0,0.0,1,0.0,1,0.8153183607254402,0.0,1,0.0,0.5053319768769552,1,1,0.0,0.0,1,0.0,0.0,0.0,0.0,1,1,0.0,0.0,-0.08582080519607774,0.0,0.0,0.0,0.0,0.0,1,1,1,1,3.756926810865232,0.0,-4.077397896574058,3.68005925257828,1,1,1,14.29793688452613,0.0,1,1,1,1,0.0,1,1,0.9510102453348834,1
1,0.0,-1.5,0.0,1,0.0,0.0,1,1,0.0,0.0,0.0,0.0,1,0.0,1,-0.23817968912228835,0.0,1,0.0,-1.4488355915565094,1,1,0.0,0.0,1,0.0,0.0,0.0,0.0,1,1,0.0,0.0,-0.1027440291198454,0.0,0.0,0.0,0.0,0.0,1,1,1,1,0.262772088570831,0.0,-0.41302653684597845,0.2540968279470702,1,1,1,0.14210982744116585,0.0,1,1,1,1,0.0,1,1,-0.051698224913739585,1
1,0.0,0.16666666666666666,0.0,1,0.0,0.0,1,1,0.0,0.0,0.0,0.0,1,0.0,1,0.40915952939490885,0.0,1,0.0,0.3392597731343549,1,1,0.0,0.0,1,0.0,0.0,0.0,0.0,1,1,0.0,0.0,-0.08532452812765877,0.0,0.0,0.0,0.0,0.0,1,1,1,1,2.180663739062826,0.0,-2.4148812246812863,2.1345586996483252,1,1,1,5.09060850810243,0.0,1,1,1,1,0.0,1,1,0.3274966647994495,1
1,0.0,0.16666666666666666,0.0,1,0.0,0.0,1,1,0.0,0.0,0.0,0.0,1,0.0,1,-0.20729176125463264,0.0,1,0.0,-0.6676635575035164,1,1,0.0,0.0,1,0.0,0.0,0.0,0.0,1,1,0.0,0.0,-0.03649475107672165,0.0,0.0,0.0,0.0,0.0,1,1,1,1,-0.1297421048690973,0.0,0.019056314503229806,-0.1307570164690155,1,1,1,-0.024275410310914285,0.0,1,1,1,1,0.0,1,1,-0.050763801096789386,1
1,0.0,-1.3333333333333333,0.0,1,0.0,0.0,1,1,0.0,0.0,0.0,0.0,1,0.0,1,-0.20467716487834628,0.0,1,0.0,-0.6425776810645252,1,1,0.0,0.0,1,0.0,0.0,0.0,0.0,1,1,0.0,0.0,-0.100485642397103,0.0,0.0,0.0,0.0,0.0,1,1,1,1,0.7402817264746674,0.0,-0.9289339918014956,0.7222873366328395,1,1,1,0.7322550308659159,0.0,1,1,1,1,0.0,1,1,-0.05060576632129025,1
1,0.0,-0.8333333333333334,0.0,1,0.0,0.0,1,1,0.0,0.0,0.0,0.0,1,0.0,1,0.719309672279824,0.0,1,0.0,0.4727202705126594,1,1,0.0,0.0,1,0.0,0.0,0.0,0.0,1,1,0.0,0.0,8.752973597146898,0.0,0.0,0.0,0.0,0.0,1,1,1,1,-0.1537019439803635,0.0,0.17213402664220503,-0.15424925279491772,1,1,1,-0.025118910961123002,0.0,1,1,1,1,0.0,1,1,0.7767887766106326,1
1,0.0,0.3333333333333333,0.0,1,0.0,0.0,1,1,0.0,0.0,0.0,0.0,1,0.0,1,0.40629969776507135,0.0,1,0.0,0.3377516305533855,1,1,0.0,0.0,1,0.0,0.0,0.0,0.0,1,1,0.0,0.0,-0.0638171812611945,0.0,0.0,0.0,0.0,0.0,1,1,1,1,0.8891182560739002,0.0,-1.0074549815741185,0.8682191565851787,1,1,1,1.0032036401248465,0.0,1,1,1,1,0.0,1,1,0.3241605137918366,1
0,4.459903341049105,0.16666666666666666,-0.9177942537240693,0,0.6917835261211316,0.8386698036212015,0,0,3.7809238447767335,0.0847772055035385,5.724474836671743,85.28463658056711,0,4.457651558841187,0,-0.12840191586197253,0.04163658336600108,0,0.6090423684383038,-0.25949312086861204,0,0,0.9966153798127024,0.42347230274688985,0,4.996490847608844,1.3259583753084379,1.564633800794395,0.8634636992142545,0,0,3029.2378314737057,154016.9262128879,0.08004438715842713,146.82554709406963,0.43195319405238614,0.7567439858754269,1.3119350562000178,1053.7985009616907,0,0,0,0,-0.14429892862389307,6.0,0.17311656189233973,-0.12313479936669458,0,0,0,-0.023771491423398634,1.8806286982949858,0,0,0,0,0.0303615231587703,0,0,-0.04057283899148309,0
1,0.0,-1.5,0.0,1,0.0,0.0,1,1,0.0,0.0,0.0,0.0,1,0.0,1,-0.1920527505721318,0.0,0,0.0,-0.5420813147715464,1,1,0.0,13.516188164938251,1,0.0,0.0,0.0,0.0,0,1,0.0,0.0,0.15112034886893763,0.0,9.785230002325694,7.429189148139732,1.699034236832456,0.0,0,0,1,1,-0.1487054233553801,1.0,0.04181483905497251,-0.1493502448014057,1,0,1,-0.025031439459742424,0.0,1,1,1,1,0.9690646999252508,1,1,-0.04966933653841454,1
1,0.0,-1.25,0.0,1,0.0,0.0,1,1,0.0,0.0,0.0,0.0,1,0.0,1,-0.20033256453158427,0.0,1,0.0,-0.6045722539296656,1,1,0.0,0.0,1,0.0,0.0,0.0,0.0,1,1,0.0,0.0,-0.05161249532649794,0.0,0.0,0.0,0.0,0.0,1,1,1,1,-0.11203592517787098,0.0,0.0007096528243236458,-0.11339639247636148,1,1,1,-0.02296353682631177,0.0,1,1,1,1,0.0,1,1,-0.05031591786250313,1
1,0.0,0.08333333333333333,0.0,1,0.0,0.0,1,1,0.0,0.0,0.0,0.0,1,0.0,1,0.0,0.0,1,0.0,0.0,1,1,0.0,0.0,1,0.0,0.0,0.0,0.0,1,1,0.0,0.0,-0.09348539614283234,0.0,0.0,0.0,0.0,0.0,1,1,1,1,1.4496674572729278,0.0,-1.6741384367641967,1.4178286195582102,1,1,1,2.3947711659250563,0.0,1,1,1,1,0.0,1,1,0.0,1
1,0.0,-1.5833333333333333,0.0,1,0.0,0.0,1,1,0.0,0.0,0.0,0.0,1,0.0,1,0.1629840766862097,0.0,1,0.0,0.17651806240799986,1,1,0.0,0.0,1,0.0,0.0,0.0,0.0,1,1,0.0,0.0,2.263793487663761,0.0,0.0,0.0,0.0,0.0,1,1,1,1,-0.14977173014142345,0.0,0.0916234968665597,-0.15039574143004816,1,1,1,-0.02505401798830311,0.0,1,1,1,1,0.0,1,1,0.09429755844659315,1
1,0.0,-1.4166666666666667,0.0,1,0.0,0.0,1,1,0.0,0.0,0.0,0.0,1,0.0,1,25.729342463198716,0.0,1,0.0,1.601780709339612,1,1,0.0,0.0,1,0.0,0.0,0.0,0.0,1,1,0.0,0.0,2.3193299106651692,0.0,0.0,0.0,0.0,0.0,1,1,1,1,0.5212426632385894,0.0,2.863245910288023,0.5075230632063704,1,1,1,0.4087103674324624,0.0,1,1,1,1,0.0,1,1,607.6756882129251,1
0,26.4028272549215,-0.25,-0.5720100628177043,0,3.4057146452150366,3.3247427374963356,0,0,4.88110191882662,0.0727636943988291,6.244579195146846,64.65993601478965,0,4.184488937579972,0,-0.15398830681289394,4.275211811993423,0,1.4643526364101975,-0.3471598627412897,0,0,0.9037834993352636,3.222082496174618,0,4.747466674391144,2.105103633765068,1.7717441455141214,2.9707436899629,0,0,3322.1198495770855,97282.93095038373,0.21132171648684628,-111.20034159419724,3.0015581007747953,2.580240791369441,1.9889922086858203,1143.3241283277362,0,0,0,0,-0.1596954873426887,6.0,0.38783233510362375,-0.14402921734019153,0,0,0,-0.02488363890599159,342.48761573358337,0,0,0,0,0.231012351203393,0,0,-0.04510712353303402,0
1,0.0,-1.0833333333333333,0.0,1,0.0,0.0,1,1,0.0,0.0,0.0,0.0,1,0.0,1,0.6002815554934058,0.0,1,0.0,0.4274356736957534,1,1,0.0,0.0,1,0.0,0.0,0.0,0.0,1,1,0.0,0.0,4.008901613365226,0.0,0.0,0.0,0.0,0.0,1,1,1,1,-0.14759841603212243,0.0,0.1491720551968588,-0.14826484195159087,1,1,1,-0.025005753736685066,0.0,1,1,1,1,0.0,1,1,0.5838608980285211,1
1,-0.0,0.16666666666666666,0.0,1,0.0,0.0,1,1,0.0,0.0,0.0,0.0,1,0.0,1,-0.16504238362863835,0.0,0,0.0,-0.39329618817470074,1,1,0.0,1.0,1,0.0,0.0,0.0,0.0,0,1,0.0,0.0,0.11704089993305507,0.0,1.0,0.9962115015050298,1.617244491410166,0.0,0,0,1,1,-0.13905590606732077,1.0,0.03499751516738944,-0.13988904852586906,1,0,1,-0.024730610998039325,0.0,1,1,1,1,-0.0716965973024154,1,1,-0.0467010738333479,1
1,0.0,0.25,0.0,1,0.0,0.0,1,1,0.0,0.0,0.0,0.0,1,0.0,1,0.6848457291395307,0.0,1,0.0,0.4602126165325549,1,1,0.0,0.0,1,0.0,0.0,0.0,0.0,1,1,0.0,0.0,0.30229570044383025,0.0,0.0,0.0,0.0,0.0,1,1,1,1,-0.015517771506271856,0.0,0.016787520122724626,-0.01876189742556705,1,1,1,-0.00552311336285239,0.0,1,1,1,1,0.0,1,1,0.7183011995036032,1
1,0.0,-1.5833333333333333,0.0,1,0.0,0.0,1,1,0.0,0.0,0.0,0.0,1,0.0,1,0.1590946120099306,0.0,1,0.0,0.1732105277039371,1,1,0.0,0.0,1,0.0,0.0,0.0,0.0,1,1,0.0,0.0,3.113186293509381,0.0,0.0,0.0,0.0,0.0,1,1,1,1,-0.15270519767257376,0.0,0.09428812680444437,-0.15327195909478777,1,1,1,-0.025105182245453137,0.0,1,1,1,1,0.0,1,1,0.0914896014796324,1
1,-0.0,0.25,0.0,1,0.0,0.0,1,1,0.0,0.0,0.0,0.0,1,0.0,1,0.05509909918056537,0.0,0,0.0,0.07033149820158213,1,1,0.0,12.26500161308112,1,0.0,0.0,0.0,0.0,0,1,0.0,0.0,2.7360839750022263,0.0,9.111833966341301,3.7431811196424802,1.0,0.0,1,0,1,1,-0.15398782932705968,1.0,0.0814369949211269,-0.15452955877257935,1,0,1,-0.025122506387415564,0.0,1,1,1,1,-0.8793588815665524,1,1,0.026521802219132275,1
1,0.0,-0.08333333333333333,0.0,1,0.0,0.0,1,1,0.0,0.0,0.0,0.0,1,0.0,1,3.39517338530097,0.0,1,0.0,0.9285211790397265,1,1,0.0,0.0,1,0.0,0.0,0.0,0.0,1,1,0.0,0.0,0.017344149891472593,0.0,0.0,0.0,0.0,0.0,1,1,1,1,1.7611167241250978,0.0,-1.5484271199883766,1.7231996091730688,1,1,1,3.4214124156858925,0.0,1,1,1,1,0.0,1,1,11.853554368678543,1
1,0.0,0.16666666666666666,0.0,1,0.0,0.0,1,1,0.0,0.0,0.0,0.0,1,0.0,1,2.411019562368991,0.0,1,0.0,0.82045647877695,1,1,0.0,0.0,1,0.0,0.0,0.0,0.0,1,1,0.0,0.0,0.010089317371132089,0.0,0.0,0.0,0.0,0.0,1,1,1,1,1.3307265125236032,0.0,-1.2141371871674227,1.3012089390210675,1,1,1,2.050478017359982,0.0,1,1,1,1,0.0,1,1,6.2792921047689285,1
1,0.0,-1.3333333333333333,0.0,1,0.0,0.0,1,1,0.0,0.0,0.0,0.0,1,0.0,1,17.35786395642579,0.0,1,0.0,1.4685205094894926,1,1,0.0,0.0,1,0.0,0.0,0.0,0.0,1,1,0.0,0.0,1.9658655928406987,0.0,0.0,0.0,0.0,0.0,1,1,1,1,0.3803835717662434,0.0,1.8697446253956687,0.3694129928443264,1,1,1,0.24795917975837542,0.0,1,1,1,1,0.0,1,1,279.0093272702292,1
1,0.0,0.16666666666666666,0.0,1,0.0,0.0,1,1,0.0,0.0,0.0,0.0,1,0.0,1,-0.17380313008021267,0.0,1,0.0,-0.4348614725649253,1,1,0.0,0.0,1,0.0,0.0,0.0,0.0,1,1,0.0,0.0,-0.08972737460008556,0.0,0.0,0.0,0.0,0.0,1,1,1,1,0.15561039731967827,0.0,-0.28739677982003864,0.1490265157356788,1,1,1,0.06814544185163722,0.0,1,1,1,1,0.0,1,1,-0.04780790065069063,1
1,0.0,0.25,0.0,1,0.0,0.0,1,1,0.0,0.0,0.0,0.0,1,0.0,1,-0.10749401037400091,0.0,1,0.0,-0.20149134803002602,1,1,0.0,0.0,1,0.0,0.0,0.0,0.0,1,1,0.0,0.0,-0.07117710558669947,0.0,0.0,0.0,0.0,0.0,1,1,1,1,0.10372234702949724,0.0,-0.2217519305812733,0.09815111819037312,1,1,1,0.04003388189385481,0.0,1,1,1,1,0.0,1,1,-0.0359916326166971,1
0,-22.275222161531016,0.08333333333333333,-0.23172186946775208,0,4.715576956660924,3.152290091562471,0,0,6.345300900974973,0.6270680226908056,7.0728628604486286,39.80048272676959,0,3.7086939128785943,0,0.1528546291260741,-4.437454366698504,0,1.423660007125725,0.16783650173926143,0,0,0.6401161723826967,1.2041855540028106,0,5.55685187167925,0.9489139297222534,1.9940607755634403,3.9588587609270447,0,0,32128.43236759948,649495.4437102731,0.822255975417659,257.0427914073762,1.1959414655694773,1.5027857535355469,2.003475191772089,22469.82003801246,0,0,0,0,-0.16006792720462112,8.0,0.510405811827675,-0.13455511421726707,0,0,0,-0.02448440007351752,2641.702363470905,0,0,0,0,-0.0863360067427255,0,0,0.0870416735850753,0
1,0.0,0.16666666666666666,0.0,1,0.0,0.0,1,1,0.0,0.0,0.0,0.0,1,0.0,1,-0.12025420327875334,0.0,1,0.0,-0.23570864498145197,1,1,0.0,0.0,1,0.0,0.0,0.0,0.0,1,1,0.0,0.0,2.1267174140768073,0.0,0.0,0.0,0.0,0.0,1,1,1,1,-0.15718581715600935,0.0,0.06089636547982342,-0.15766513432866555,1,1,1,-0.02515232761098245,0.0,1,1,1,1,0.0,1,1,-0.03888125494890722,1
1,0.0,-1.5833333333333333,0.0,1,0.0,0.0,1,1,0.0,0.0,0.0,0.0,1,0.0,1,-0.014140642370558856,0.0,1,0.0,-0.020646983969346007,1,1,0.0,0.0,1,0.0,0.0,0.0,0.0,1,1,0.0,0.0,-0.09738430275721774,0.0,0.0,0.0,0.0,0.0,1,1,1,1,2.416891125686565,0.0,-2.7303748532364085,2.3661758473029475,1,1,1,6.175032904246439,0.0,1,1,1,1,0.0,1,1,-0.005924237109718686,1
0,383.09918601978785,0.08333333333333333,-1.0679770535991346,0,6.747275497722939,1.5383080239819285,0,0,7.827656063649642,0.5029814712446935,7.623804742921785,93.89780409524916,0,4.552800566204324,0,3.3057794429761005,319.6393550296958,0,0.9314977264034612,0.9199979613716209,0,0,0.9976868848411212,12.589548199902229,0,6.053092304130573,0.1718928086450806,2.1778895279220882,5.872458287498602,0,0,220889.83927413946,1456651.2629395735,15.472839976461364,-182.68253045495996,9.289545335918051,8.431008589571363,2.0549769461021685,848524.9221105644,0,0,0,0,-0.16054183592506244,12.0,6.908700871657962,-0.14680714815301757,0,0,0,-0.02496765900152177,125401.60996101984,0,0,0,0,0.9026277675077388,0,0,11.275145260073492,0
1,0.0,-1.3333333333333333,0.0,1,0.0,0.0,1,1,0.0,0.0,0.0,0.0,1,0.0,1,-0.14047433417609861,0.0,1,0.0,-0.2980815710370972,1,1,0.0,0.0,1,0.0,0.0,0.0,0.0,1,1,0.0,0.0,-0.09735889887657352,0.0,0.0,0.0,0.0,0.0,1,1,1,1,0.9669703948520655,0.0,-1.1672335937497298,0.944551924687683,1,1,1,1.1614000194459555,0.0,1,1,1,1,0.0,1,1,-0.04285927024968109,1
0,-25.184141026383216,0.16666666666666666,-0.8420578056796403,0,1.1368683772160959e-13,0.1855137911789343,0,0,3.35378662970396,0.2857142857142857,4.713991580422784,80.91252604682666,0,4.4056519223491035,1,0.08412167985131905,0.0,0,0.1701762586214156,0.1022832023657794,0,1,0.9874483597906626,6.631737217622956,0,3.988363513230982,0.1955667602369885,1.4710459560313776,0.0,0,0,701.0271185161095,11496.35210524522,4.475032606632595,-46.59623731509958,5.617587689926837,1.3782907224632583,1.314949678502009,1969.8691613209476,0,0,0,1,-0.1560916269384239,6.0,0.17802865793867678,-0.15659229844451636,0,0,0,-0.025144272684564217,0.0,0,0,0,1,-0.4754729927073538,0,0,0.042691865514435705,0
1,0.0,0.08333333333333333,0.0,1,0.0,0.0,1,1,0.0,0.0,0.0,0.0,1,0.0,1,0.19204071017967403,0.0,1,0.0,0.20026568878245538,1,1,0.0,0.0,1,0.0,0.0,0.0,0.0,1,1,0.0,0.0,0.8791120494217645,0.0,0.0,0.0,0.0,0.0,1,1,1,1,-0.13263963011649413,0.0,0.07693033851728209,-0.13359799330345956,1,1,1,-0.024434374434684554,0.0,1,1,1,1,0.0,1,1,0.11613736574911593,1
1,-0.0,0.08333333333333333,0.0,1,0.0,0.0,1,1,0.0,0.0,0.0,0.0,1,0.0,1,1.2897768024227603,0.0,0,0.0,0.6323158528801146,1,1,0.0,13.947590784439555,0,0.0,0.0,0.0,0.0,0,1,0.0,0.0,-0.008995309045292017,0.0,10.010320229271937,668.2098546129747,2.006692579012147,0.0,0,0,1,1,0.8746529308610074,3.0,-0.8706353355045,0.8540361382078758,1,0,1,0.9750562628301132,0.0,1,1,1,1,-0.9999947998108428,1,1,2.0558940038502533,1
1,0.0,0.0,0.0,1,0.0,0.0,1,1,0.0,0.0,0.0,0.0,1,0.0,1,-0.025389668248183363,0.0,1,0.0,-0.03800986732917457,1,1,0.0,0.0,1,0.0,0.0,0.0,0.0,1,1,0.0,0.0,-0.08566729613205439,0.0,0.0,0.0,0.0,0.0,1,1,1,1,0.6275976046918181,0.0,-0.7815398013219382,0.6118023702352692,1,1,1,0.554623218733073,0.0,1,1,1,1,0.0,1,1,-0.01037964837936836,1
1,0.0,0.16666666666666666,0.0,1,0.0,0.0,1,1,0.0,0.0,0.0,0.0,1,0.0,1,-0.14611135971884687,0.0,1,0.0,-0.3177058261739717,1,1,0.0,0.0,1,0.0,0.0,0.0,0.0,1,1,0.0,0.0,0.2743332747194747,0.0,0.0,0.0,0.0,0.0,1,1,1,1,-0.14484157696196512,0.0,0.04389793333029318,-0.14556180564788868,1,1,1,-0.02493184580291645,0.0,1,1,1,1,0.0,1,1,-0.04383692156319124,1
1,-0.0,0.25,0.0,1,0.0,0.0,1,1,0.0,0.0,0.0,0.0,1,0.0,1,-0.14689996388778376,0.0,0,0.0,-0.32054310604385705,1,1,0.0,11.755624288880915,0,0.0,0.0,0.0,0.0,0,1,0.0,0.0,0.5244600834715273,-0.0,8.828429394361468,5.1049097526377185,1.987471028082825,0.0,0,0,1,1,-0.15119902033782562,4.0,0.050719658792004886,-0.15179517647816398,1,0,1,-0.025080918503047892,0.0,1,1,1,1,-0.8428382606783883,1,1,-0.04396912581890255,1
1,-0.0,0.16666666666666666,0.0,1,0.0,0.0,1,1,0.0,0.0,0.0,0.0,1,0.0,1,-0.23807360828262683,0.0,0,0.0,-1.4386543971544754,1,1,0.0,10.562480914698058,0,0.0,0.0,0.0,0.0,0,1,0.0,0.0,-0.09452502775230469,0.0,8.141979853010914,5.340224971360059,2.0196503986903998,0.0,0,0,1,1,-0.14965764409830123,2.0,0.03654710889473733,-0.15028388190235814,1,0,1,-0.02505170365984609,0.0,1,1,1,1,-0.757293940655555,1,1,-0.051697958371069254,1
1,0.0,0.0,0.0,1,0.0,0.0,1,1,0.0,0.0,0.0,0.0,1,0.0,1,4.004285112405792,0.0,1,0.0,0.9815534839732397,1,1,0.0,0.0,1,0.0,0.0,0.0,0.0,1,1,0.0,0.0,17.636839479234144,0.0,0.0,0.0,0.0,0.0,1,1,1,1,-0.14537338056459198,0.0,0.6131556987231858,-0.14608323051446892,1,1,1,-0.024947207239847335,0.0,1,1,1,1,0.0,1,1,16.178129355643346,1
1,0.0,0.3333333333333333,0.0,1,0.0,0.0,1,1,0.0,0.0,0.0,0.0,1,0.0,1,0.046942837222072195,0.0,1,0.0,0.060788109502947676,1,1,0.0,0.0,1,0.0,0.0,0.0,0.0,1,1,0.0,0.0,-0.08076499401865649,0.0,0.0,0.0,0.0,0.0,1,1,1,1,0.6607942009416412,0.0,-0.8078141137707158,0.6443510981584755,1,1,1,0.6044906319993407,0.0,1,1,1,1,0.0,1,1,0.022250772384787256,1
1,-0.0,0.25,0.0,1,0.0,0.0,1,1,0.0,0.0,0.0,0.0,1,0.0,1,-0.19834840084617697,0.0,0,0.0,-0.588525595697251,1,1,0.0,13.909667550907203,1,0.0,0.0,0.0,0.0,0,1,0.0,0.0,-0.10110924518242041,0.0,9.990673305792015,917.9352485826569,1.9949764857193129,0.0,0,0,1,1,1.2654215354465679,1.0,-1.5004828573145426,1.2371784608685674,1,0,1,1.8726720750695607,0.0,1,1,1,1,-0.9972758330078684,1,1,-0.05017222892507949,1
0,94.19251833238252,-0.16666666666666666,-0.17932448968125336,0,5.202428320858997,0.8373774689846121,0,0,5.866559906286871,0.6580971463118083,6.309617988360551,34.84752779776426,0,3.579274605051746,0,0.6746409112420225,74.80640470648486,0,0.6083392652515385,0.456419698463566,0,0,0.5713945281178888,11.108879855618083,0,4.781328175297218,0.21028427240894637,1.9266632393784344,4.553061507377744,0,0,8970.903015208582,9974807.29926339,-0.017431290370930923,71.51099965043925,8.460393505346874,349.52095091493385,2.018677627083803,31889.665427239033,0,0,0,0,-0.15342017902792257,3.0,0.7030192439957815,0.5056098864969677,0,0,0,0.4062305897547949,8821.449168684725,0,0,0,0,0.7964688854891642,0,0,0.7013937353395254,0
1,0.0,0.16666666666666666,0.0,1,0.0,0.0,1,1,0.0,0.0,0.0,0.0,1,0.0,1,-0.2192667124053655,0.0,0,0.0,-0.8141828549394228,1,1,0.0,6.912543906856109,1,0.0,0.0,0.0,0.0,0,1,0.0,0.0,-0.10251034259865184,0.0,5.813315526195874,946.9674963944694,1.8225364112846432,0.0,1,0,1,1,2.799628314441922,1.0,-3.1756742381540355,2.7414434961046648,1,0,1,8.153121823331352,0.0,1,1,1,1,0.4956058768251277,1,1,-0.05133016515655389,1
1,0.0,-1.0833333333333333,0.0,1,0.0,0.0,1,1,0.0,0.0,0.0,0.0,1,0.0,1,-0.2314594730207313,0.0,1,0.0,-1.0828361088698617,1,1,0.0,0.0,1,0.0,0.0,0.0,0.0,1,1,0.0,0.0,-0.10175583664815015,0.0,0.0,0.0,0.0,0.0,1,1,1,1,0.2703665188585904,0.0,-0.42038387387731896,0.2615430445202334,1,1,1,0.14816497117377447,0.0,1,1,1,1,0.0,1,1,-0.051641284217242525,1
1,0.0,-1.1666666666666667,0.0,1,0.0,0.0,1,1,0.0,0.0,0.0,0.0,1,0.0,1,0.02886119145577244,0.0,1,0.0,0.038632352251217944,1,1,0.0,0.0,1,0.0,0.0,0.0,0.0,1,1,0.0,0.0,1.1497626949392805,0.0,0.0,0.0,0.0,0.0,1,1,1,1,-0.14696232145393665,0.0,0.07018394932413304,-0.14764116146329664,1,1,1,-0.0249899597187766,0.0,1,1,1,1,0.0,1,1,0.013209844791613055,1
1,0.0,-0.25,0.0,1,0.0,0.0,1,1,0.0,0.0,0.0,0.0,1,0.0,1,-0.23503670331739265,0.0,1,0.0,-1.2300963012384425,1,1,0.0,0.0,1,0.0,0.0,0.0,0.0,1,1,0.0,0.0,-0.06515133405050522,0.0,0.0,0.0,0.0,0.0,1,1,1,1,-0.15304216491962142,0.0,0.040652434373234535,-0.15360235005296455,1,1,1,-0.025110030966963227,0.0,1,1,1,1,0.0,1,1,-0.051681726183786185,1
1,0.0,-0.08333333333333333,0.0,1,0.0,0.0,1,1,0.0,0.0,0.0,0.0,1,0.0,1,-0.21097556670624998,0.0,1,0.0,-0.7064504423445874,1,1,0.0,0.0,1,0.0,0.0,0.0,0.0,1,1,0.0,0.0,0.03320558589419471,0.0,0.0,0.0,0.0,0.0,1,1,1,1,-0.1472538048622792,0.0,0.037639775085561676,-0.14792695625023422,1,1,1,-0.02499729090295267,0.0,1,1,1,1,0.0,1,1,-0.05096555353157379,1
1,-0.0,-0.9166666666666666,0.0,1,0.0,0.0,1,1,0.0,0.0,0.0,0.0,1,0.0,1,-0.23263584935725182,0.0,0,0.0,-1.1246476092404951,1,1,0.0,8.027403706191796,1,0.0,0.0,0.0,0.0,0,1,0.0,0.0,-0.08846804455472684,-0.0,6.565234301148885,11.233849774907004,1.6375471770011323,0.0,1,0,1,1,-0.13034277975873906,1.0,0.016238475185005978,-0.13134596852319957,1,0,1,-0.0243096521802589,0.0,1,1,1,1,-0.5755375309067501,1,1,-0.05165712876410621,1
1,0.0,-0.08333333333333333,0.0,1,0.0,0.0,1,1,0.0,0.0,0.0,0.0,1,0.0,1,0.5493147355668522,0.0,1,0.0,0.40605082967377243,1,1,0.0,0.0,1,0.0,0.0,0.0,0.0,1,1,0.0,0.0,-0.03161421647801657,0.0,0.0,0.0,0.0,0.0,1,1,1,1,0.5427329845947496,0.0,-0.6102904451612448,0.5285939771500752,1,1,1,0.43649174437877636,0.0,1,1,1,1,0.0,1,1,0.5090585931534279,1
1,0.0,0.25,0.0,1,0.0,0.0,1,1,0.0,0.0,0.0,0.0,1,0.0,1,-0.21651325901237978,0.0,1,0.0,-0.7745258947804972,1,1,0.0,0.0,1,0.0,0.0,0.0,0.0,1,1,0.0,0.0,-0.05503972675498706,0.0,0.0,0.0,0.0,0.0,1,1,1,1,-0.13004356535948966,0.0,0.0181214051650259,-0.13105259362420138,1,1,1,-0.024292679449593162,0.0,1,1,1,1,0.0,1,1,-0.051222819942897915,1
1,-0.0,0.25,0.0,1,0.0,0.0,1,1,0.0,0.0,0.0,0.0,1,0.0,1,0.25653393831917054,0.0,0,0.0,0.24774115926128298,1,1,0.0,9.24932431958892,1,0.0,0.0,0.0,0.0,0,1,0.0,0.0,12.209216993019382,0.0,7.346741966391034,1.0945850571423643,1.385500326682317,0.0,1,0,1,1,-0.15802538334603375,1.0,0.11343818682957689,-0.158488315455037,1,0,1,-0.025156992899298066,0.0,1,1,1,1,-0.6631450810610041,1,1,0.17004935474461685,1
0,34.5699996873416,-0.08333333333333333,-1.7660729081518651,0,4.1217989676516416,0.4833503494975879,0,0,6.694007287920583,0.6777110828388047,6.229247495150112,219.99746266221896,0,5.398151220285413,0,3.3890189296589774,8.2838642215123,0,0.3943032788203731,0.9279411364092338,0,0,-0.6427536848558271,4.560310785705209,0,4.670320889042729,0.06281011460006258,2.040441751550942,3.2709411129127592,0,0,17806.31612666259,421768.8907747833,17.71206648604261,-99.92080863563548,4.085462663519834,2.7326769383084883,2.048979437218847,281020.46928370756,0,0,0,0,-0.16009092193411956,5.0,1.8837053442617533,-0.14829981858475033,0,0,0,-0.02500661711596683,641.9186189095118,0,0,0,0,0.3269587659765679,0,0,11.813271294800494,0
1,0.0,0.16666666666666666,0.0,1,0.0,0.0,1,1,0.0,0.0,0.0,0.0,1,0.0,1,0.20126328900066384,0.0,1,0.0,0.20747145638717682,1,1,0.0,0.0,1,0.0,0.0,0.0,0.0,1,1,0.0,0.0,0.2887666925770903,0.0,0.0,0.0,0.0,0.0,1,1,1,1,-0.08902192034432987,0.0,0.030649560246549575,-0.09083153142515422,1,1,1,-0.020383780873987088,0.0,1,1,1,1,0.0,1,1,0.12338746312143622,1
1,0.0,-0.25,0.0,1,0.0,0.0,1,1,0.0,0.0,0.0,0.0,1,0.0,1,-0.12759771330320305,0.0,1,0.0,-0.2570706736761507,1,1,0.0,0.0,1,0.0,0.0,0.0,0.0,1,1,0.0,0.0,0.526297148095385,0.0,0.0,0.0,0.0,0.0,1,1,1,1,-0.14927552274858427,0.0,0.051267747914281674,-0.14990921807381422,1,1,1,-0.025043775053940537,0.0,1,1,1,1,0.0,1,1,-0.04041119676922501,1
1,0.0,-0.3333333333333333,0.0,1,0.0,0.0,1,1,0.0,0.0,0.0,0.0,1,0.0,1,-0.22546266239034746,0.0,1,0.0,-0.9249098088504678,1,1,0.0,0.0,1,0.0,0.0,0.0,0.0,1,1,0.0,0.0,0.02286592037178534,0.0,0.0,0.0,0.0,0.0,1,1,1,1,-0.15348129360622656,0.0,0.042442909812253314,-0.15403290865710645,1,1,1,-0.025116031648629016,0.0,1,1,1,1,0.0,1,1,-0.05152174890160527,1
1,0.0,-0.08333333333333333,0.0,1,0.0,0.0,1,1,0.0,0.0,0.0,0.0,1,0.0,1,-0.1141400041818327,0.0,1,0.0,-0.21888600713887763,1,1,0.0,0.0,1,0.0,0.0,0.0,0.0,1,1,0.0,0.0,-0.09920838501654158,0.0,0.0,0.0,0.0,0.0,1,1,1,1,1.9731579267010244,0.0,-2.2603958418281684,1.9311025929372585,1,1,1,4.223968053253968,0.0,1,1,1,1,0.0,1,1,-0.037533276495473916,1
0,-526.5972409064366,0.25,-1.1660105938053298,0,0.0,17.889695325355646,1,0,6.286151146053937,0.0,7.465018021851917,99.55594694061875,0,4.61071425858328,1,-0.17435941147679,0.0,0,2.9386165208934463,-0.4376791451521642,0,1,0.9861239692576192,12.34298574574166,0,6.390339147629407,11.381578229338647,1.9859754430944996,0.0,0,0,108788.6750493211,117907.55601407055,1.1379462621023693,277.11044568857636,9.154735615143231,1.9046929804930446,1.5976731765804888,5478.382093604904,0,0,0,1,-0.15724808880167337,11.0,1.3011734342886787,-0.15772619067422566,0,0,0,-0.025152718815544196,0.0,0,0,0,1,-0.8849500785218932,0,0,-0.047873510244870195,1
1,0.0,-1.5833333333333333,0.0,1,0.0,0.0,1,1,0.0,0.0,0.0,0.0,1,0.0,1,-0.2391575744742375,0.0,1,0.0,-1.5604651222362362,1,1,0.0,0.0,1,0.0,0.0,0.0,0.0,1,1,0.0,0.0,-0.1029312032165665,0.0,0.0,0.0,0.0,0.0,1,1,1,1,1.4562681768362762,0.0,-1.7141022308512046,1.4243005187718518,1,1,1,2.414651365655395,0.0,1,1,1,1,0.0,1,1,-0.051699726757869054,1
0,-14.955620637824946,-0.75,-0.9746397906646255,0,3.533607280082448,0.1276999451312314,0,0,3.5298759663914416,0.6155825870374991,4.305980937907614,271.4531887582347,0,5.607466814973223,0,0.32445152342544104,-14.421173131370287,0,0.1201801111640207,0.29150725410578526,0,0,-0.9996783781709324,13.433655611468119,0,2.8050476116600374,0.045884650808932975,1.5106945586325498,2.7708976622315267,0,0,109.18021389234109,22331.010670786294,2.0806861859078527,-4.176593668194002,9.741764835181923,10.208391815906703,2.03297705481336,1823.5950420414035,0,0,0,0,-0.15955456159082881,2.0,0.0355866738431732,-0.14489549225554862,0,0,0,-0.024911447569783692,224.18970797580008,0,0,0,0,-0.9631473966747626,0,0,0.2349280466455983,0
1,-0.0,0.16666666666666666,0.0,1,0.0,0.0,1,1,0.0,0.0,0.0,0.0,1,0.0,1,-0.23943915997324602,0.0,0,0.0,-1.6007452104442643,1,1,0.0,13.551233333476977,1,0.0,0.0,0.0,0.0,0,1,0.0,0.0,-0.10294032377349203,0.0,9.803646791095066,630.0789649539042,1.103807638022268,0.0,0,0,1,1,0.8441295352089666,1.0,-1.046893809263004,0.8241084404133783,1,0,1,0.9169438649970775,0.0,1,1,1,1,-0.9715773192613671,1,1,-0.05169983962312439,1
1,0.0,0.3333333333333333,0.0,1,0.0,0.0,1,1,0.0,0.0,0.0,0.0,1,0.0,1,-0.23613689349556963,0.0,1,0.0,-1.291946854008061,1,1,0.0,0.0,1,0.0,0.0,0.0,0.0,1,1,0.0,0.0,-0.09946195029002874,0.0,0.0,0.0,0.0,0.0,1,1,1,1,-0.0988089787743888,0.0,-0.018613891435334422,-0.10042758457503725,1,1,1,-0.021601678831038668,0.0,1,1,1,1,0.0,1,1,-0.051689526830351225,1
1,0.0,0.08333333333333333,0.0,1,0.0,0.0,1,1,0.0,0.0,0.0,0.0,1,0.0,1,0.08941723274119061,0.0,0,0.0,0.10780476674503439,1,1,0.0,6.8692189763809415,1,0.0,0.0,0.0,0.0,0,1,0.0,0.0,0.16962623915311864,-0.0,5.78328971270245,24.39679631327866,1.2929740256053823,0.0,1,0,1,1,-0.08383743796387354,1.0,0.00967344226432744,-0.08574822995791327,1,0,1,-0.019666184057398367,0.0,1,1,1,1,0.4924996267316945,1,1,0.04580607831821404,1
1,0.0,0.25,0.0,1,0.0,0.0,1,1,0.0,0.0,0.0,0.0,1,0.0,1,-0.20991689364403915,0.0,1,0.0,-0.6948467314369793,1,1,0.0,0.0,1,0.0,0.0,0.0,0.0,1,1,0.0,0.0,-0.09122129665412504,0.0,0.0,0.0,0.0,0.0,1,1,1,1,0.0,0.0,-0.1227256362882934,-0.0035469724094272107,1,1,1,-0.0010965469282865476,0.0,1,1,1,1,0.0,1,1,-0.05091007723490988,1
1,0.0,0.16666666666666666,0.0,1,0.0,0.0,1,1,0.0,0.0,0.0,0.0,1,0.0,1,1.2227299246903929,0.0,1,0.0,0.6169843645254625,1,1,0.0,0.0,1,0.0,0.0,0.0,0.0,1,1,0.0,0.0,2.072417003089924,0.0,0.0,0.0,0.0,0.0,1,1,1,1,-0.1178376539699601,0.0,0.20201854223784024,-0.11908489410818006,1,1,1,-0.023457853351442518,0.0,1,1,1,1,0.0,1,1,1.875144339232126,1
1,0.0,0.0,0.0,1,0.0,0.0,1,1,0.0,0.0,0.0,0.0,1,0.0,1,-0.09260962193331741,0.0,1,0.0,-0.1654696010622216,1,1,0.0,0.0,1,0.0,0.0,0.0,0.0,1,1,0.0,0.0,1.1301113895203965,0.0,0.0,0.0,0.0,0.0,1,1,1,1,-0.15301038420404342,0.0,0.06013283421158613,-0.1535711895732344,1,1,1,-0.02510958271686456,0.0,1,1,1,1,0.0,1,1,-0.03225016984412299,1
1,0.0,0.0,0.0,1,0.0,0.0,1,1,0.0,0.0,0.0,0.0,1,0.0,1,-0.1463371023390955,0.0,1,0.0,-0.3185156159301698,1,1,0.0,0.0,1,0.0,0.0,0.0,0.0,1,1,0.0,0.0,-0.09906776985246842,0.0,0.0,0.0,0.0,0.0,1,1,1,1,1.3677183696573858,0.0,-1.6048625887704888,1.3374788591104807,1,1,1,2.1547275045947822,0.0,1,1,1,1,0.0,1,1,-0.04387488031875687,1
1,0.0,-0.8333333333333334,0.0,1,0.0,0.0,1,1,0.0,0.0,0.0,0.0,1,0.0,1,15.410691369276735,0.0,1,0.0,1.428365042267098,1,1,0.0,0.0,1,0.0,0.0,0.0,0.0,1,1,0.0,0.0,6.89353829610609,0.0,0.0,0.0,0.0,0.0,1,1,1,1,-0.018326266774364844,0.0,2.0375514421480974,-0.021515581799315408,1,1,1,-0.006276222982618515,0.0,1,1,1,1,0.0,1,1,220.66916436769785,1
0,-31.069741482118683,0.3333333333333333,-0.7657075598345485,0,2.9653846901448464,0.1847521832386035,0,0,1.465097297612825,0.7625995100340783,3.664459874338648,283.5499182244604,0,5.650908697663607,0,-0.20035101762339388,-30.989191124843835,0,0.1695336159909713,-0.6047250764180837,0,0,-0.9721661650568376,13.911425686396163,0,3.4704334304393356,0.9124568426231457,0.9022312783638733,3.4679183421933923,0,0,84.90428678604115,1330113.3156828317,-0.10195816923934196,-2.2440335173229986,9.99158473569383,1624.3705785278964,0.931095295952513,49.09658053820927,0,0,0,0,-0.08190678673661493,11.0,-2.9271175241677754,2.312888902487409,0,0,0,5.916319733480736,965.3395761463823,0,0,0,0,-0.9974018853400234,0,0,-0.05031722089441227,0
1,0.0,-0.08333333333333333,0.0,1,0.0,0.0,1,1,0.0,0.0,0.0,0.0,1,0.0,1,4.591078220143487,0.0,1,0.0,1.0258862441223136,1,1,0.0,0.0,1,0.0,0.0,0.0,0.0,1,1,0.0,0.0,1.3043729970687983,0.0,0.0,0.0,0.0,0.0,1,1,1,1,0.05771315405344861,0.0,0.47218719147930843,0.05303984555043533,1,1,1,0.01931103267034681,0.0,1,1,1,1,0.0,1,1,20.976635842489717,1
1,0.0,-0.08333333333333333,0.0,1,0.0,0.0,1,1,0.0,0.0,0.0,0.0,1,0.0,1,-0.18789575957791316,0.0,0,0.0,-0.5145405391945165,1,1,0.0,1.0243462544953956,1,0.0,0.0,0.0,0.0,0,1,0.0,0.0,-0.026378331148383886,-0.0,1.0235033380309253,2.0325133728413562,1.291440788340345,0.0,0,0,1,1,-0.11770679741145244,1.0,0.008595114042767107,-0.11895659136027845,1,0,1,-0.023447396732216935,0.0,1,1,1,1,0.0734421409067939,1,1,-0.04929812196457542,1
1,0.0,0.3333333333333333,0.0,1,0.0,0.0,1,1,0.0,0.0,0.0,0.0,1,0.0,1,0.38731684712030545,0.0,1,0.0,0.32756899332028894,1,1,0.0,0.0,1,0.0,0.0,0.0,0.0,1,1,0.0,0.0,-0.09046826151444652,0.0,0.0,0.0,0.0,0.0,1,1,1,1,3.034508190309112,0.0,-3.348586668717671,2.9717394311669345,1,1,1,9.502432887233361,0.0,1,1,1,1,0.0,1,1,0.30238962825448756,1
1,0.0,0.25,0.0,1,0.0,0.0,1,1,0.0,0.0,0.0,0.0,1,0.0,1,0.40513034766990347,0.0,1,0.0,0.3371330514653635,1,1,0.0,0.0,1,0.0,0.0,0.0,0.0,1,1,0.0,0.0,-0.06566120507740955,0.0,0.0,0.0,0.0,0.0,1,1,1,1,0.9390404690576803,0.0,-1.062031710908804,0.9171670823154283,1,1,1,1.1033448019507996,0.0,1,1,1,1,0.0,1,1,0.32280064838924355,1
0,0.0005441823867581,0.16666666666666666,-1.5750411497113581,0,0.0,-1.437844295438473e-07,1,0,0.0,0.0,0.0022683447728376114,234.8974860144229,0,5.463397329359908,1,0.08656641667427095,0.0,0,-1.4378443892262906e-07,0.10484334598058906,0,1,-0.8181244869447677,13.615667155741992,0,0.0005572960812845702,-8.076806893631336e-08,0.0,0.0,0,1,-2.9505043683316854e-09,-0.0016246631453967848,12.922169410822036,-0.00012090323757,9.837446616277468,1.0,1.8950532101957853,-0.0007937090963540812,0,0,0,1,-0.1589955498905157,6.0,0.09120708595646142,-0.15943954812536562,0,0,0,-0.025160745287835108,0.0,0,0,0,1,0.9761970050689572,0,0,0.044123287574805534,1
1,0.0,0.3333333333333333,0.0,1,0.0,0.0,1,1,0.0,0.0,0.0,0.0,1,0.0,1,-0.17093919791613466,0.0,1,0.0,-0.4207110179395698,1,1,0.0,0.0,1,0.0,0.0,0.0,0.0,1,1,0.0,0.0,-0.09440946025379542,0.0,0.0,0.0,0.0,0.0,1,1,1,1,0.3503858274848443,0.0,-0.49931464333278774,0.34000068775204206,1,1,1,0.21850857237782823,0.0,1,1,1,1,0.0,1,1,-0.04746129228090599,1
1,0.0,0.08333333333333333,0.0,1,0.0,0.0,1,1,0.0,0.0,0.0,0.0,1,0.0,1,-0.19711052178910937,0.0,1,0.0,-0.5788823771371808,1,1,0.0,0.0,1,0.0,0.0,0.0,0.0,1,1,0.0,0.0,-0.10130920382320419,0.0,0.0,0.0,0.0,0.0,1,1,1,1,1.4877972959821073,0.0,-1.7427085953111596,1.4552143122527568,1,1,1,2.5107334976398983,0.0,1,1,1,1,0.0,1,1,-0.05007899005753757,1
1,0.0,0.16666666666666666,0.0,1,0.0,0.0,1,1,0.0,0.0,0.0,0.0,1,0.0,1,-0.1356473036549601,0.0,1,0.0,-0.2821270198960587,1,1,0.0,0.0,1,0.0,0.0,0.0,0.0,1,1,0.0,0.0,0.021504260632014497,0.0,0.0,0.0,0.0,0.0,1,1,1,1,-0.1075045058653923,0.0,0.004633318640977675,-0.1089534088283431,1,1,1,-0.02253375244890328,0.0,1,1,1,1,0.0,1,1,-0.04197658154464788,1
1,0.0,0.16666666666666666,0.0,1,0.0,0.0,1,1,0.0,0.0,0.0,0.0,1,0.0,1,0.12198460109402756,0.0,1,0.0,0.13993442821836327,1,1,0.0,0.0,1,0.0,0.0,0.0,0.0,1,1,0.0,0.0,-0.0852580166334091,0.0,0.0,0.0,0.0,0.0,1,1,1,1,1.1392702689361853,0.0,-1.319083388457209,1.113489175981831,1,1,1,1.5517411191860335,0.0,1,1,1,1,0.0,1,1,0.06606954041520649,1
1,0.0,0.08333333333333333,0.0,1,0.0,0.0,1,1,0.0,0.0,0.0,0.0,1,0.0,1,0.6765420406950678,0.0,1,0.0,0.45712949992190716,1,1,0.0,0.0,1,0.0,0.0,0.0,0.0,1,1,0.0,0.0,-0.03979942088845844,0.0,0.0,0.0,0.0,0.0,1,1,1,1,0.7620386626351217,0.0,-0.8319069228694267,0.7436196620977723,1,1,1,0.7692819003889867,0.0,1,1,1,1,0.0,1,1,0.7045293232278778,1
1,0.0,0.16666666666666666,0.0,1,0.0,0.0,1,1,0.0,0.0,0.0,0.0,1,0.0,1,0.32183123371727773,0.0,1,0.0,0.28991849745093395,1,1,0.0,0.0,1,0.0,0.0,0.0,0.0,1,1,0.0,0.0,-0.066012153260933,0.0,0.0,0.0,0.0,0.0,1,1,1,1,0.8060498509438695,0.0,-0.9284819453476881,0.7867719233434135,1,1,1,0.846883433679166,0.0,1,1,1,1,0.0,1,1,0.2322708118619145,1
1,0.0,-0.5,0.0,1,0.0,0.0,1,1,0.0,0.0,0.0,0.0,1,0.0,1,1.7798808055859505,0.0,1,0.0,0.7274036437365139,1,1,0.0,0.0,1,0.0,0.0,0.0,0.0,1,1,0.0,0.0,-0.027877359629881866,0.0,0.0,0.0,0.0,0.0,1,1,1,1,1.5502705680985696,0.0,-1.5399231322246594,1.5164683493018716,1,1,1,2.706596007589231,0.0,1,1,1,1,0.0,1,1,3.623223692480632,1
1,0.0,-1.5,0.0,1,0.0,0.0,1,1,0.0,0.0,0.0,0.0,1,0.0,1,0.17099136089291708,0.0,1,0.0,0.1832283747702132,1,1,0.0,0.0,1,0.0,0.0,0.0,0.0,1,1,0.0,0.0,0.5367632385152132,0.0,0.0,0.0,0.0,0.0,1,1,1,1,-0.11977549398651877,0.0,0.060023961340551726,-0.12098491503150005,1,1,1,-0.02360896286773501,0.0,1,1,1,1,0.0,1,1,0.10016417598769167,1
1,0.0,0.25,0.0,1,0.0,0.0,1,1,0.0,0.0,0.0,0.0,1,0.0,1,-0.059719913200467156,0.0,1,0.0,-0.09719689930161572,1,1,0.0,0.0,1,0.0,0.0,0.0,0.0,1,1,0.0,0.0,-0.09869506797530428,0.0,0.0,0.0,0.0,0.0,1,1,1,1,2.5297495664563576,0.0,-2.859638652475722,2.4768317306594483,1,1,1,6.729889479600038,0.0,1,1,1,1,0.0,1,1,-0.022566766552657682,1
0,149.85066652917516,-0.08333333333333333,-1.689270280287492,0,0.0,5.195864877241394,1,0,5.639405629570377,0.0,6.613652128362484,133.57237295447555,0,4.902102143204843,1,-0.12221485953132855,0.0,0,1.823882098708533,-0.2412830136457251,0,1,0.7245042999957986,8.887599735918265,0,5.464537503521589,3.548898468357686,1.8930224458628404,0.0,0,0,20829.456444847132,49858.24178069258,2.455927991587557,181.24047340717436,7.119766514392156,1.1970330829669098,1.6646367323835183,4778.158241350784,0,0,0,1,-0.15767222215594734,16.0,0.6656096534822505,-0.15814204659654765,0,0,0,-0.025155190778787036,0.0,0,0,0,1,0.6372106592511853,0,0,-0.03929924752038441,1
1,0.0,-0.25,0.0,1,0.0,0.0,1,1,0.0,0.0,0.0,0.0,1,0.0,1,-0.20991977915855964,0.0,1,0.0,-0.6948778300807079,1,1,0.0,0.0,1,0.0,0.0,0.0,0.0,1,1,0.0,0.0,-0.09919258624902627,0.0,0.0,0.0,0.0,0.0,1,1,1,1,0.34104481184856444,0.0,-0.4944737263680545,0.330841972377019,1,1,1,0.2096808807308575,0.0,1,1,1,1,0.0,1,1,-0.05091023118623538,1
1,0.0,0.16666666666666666,0.0,1,0.0,0.0,1,1,0.0,0.0,0.0,0.0,1,0.0,1,3.6259404218968574,0.0,1,0.0,0.9495904185186738,1,1,0.0,0.0,1,0.0,0.0,0.0,0.0,1,1,0.0,0.0,0.28879791343724,0.0,0.0,0.0,0.0,0.0,1,1,1,1,0.4669597064196876,0.0,-0.10614320285155081,0.45429949838456996,1,1,1,0.3423754800721614,0.0,1,1,1,1,0.0,1,1,13.413275519497049,1
1,0.0,0.16666666666666666,0.0,1,0.0,0.0,1,1,0.0,0.0,0.0,0.0,1,0.0,1,0.10536287432974148,0.0,1,0.0,0.12391282599011935,1,1,0.0,0.0,1,0.0,0.0,0.0,0.0,1,1,0.0,0.0,-0.09240340607920548,0.0,0.0,0.0,0.0,0.0,1,1,1,1,1.9200338847273908,0.0,-2.1724134617653634,1.8790153254545263,1,1,1,4.015019503451392,0.0,1,1,1,1,0.0,1,1,0.0554886310937066,1
1,0.0,0.3333333333333333,0.0,1,0.0,0.0,1,1,0.0,0.0,0.0,0.0,1,0.0,1,-0.22891791338547815,0.0,1,0.0,-1.0068805723677527,1,1,0.0,0.0,1,0.0,0.0,0.0,0.0,1,1,0.0,0.0,-0.0987567055699722,0.0,0.0,0.0,0.0,0.0,1,1,1,1,0.0003957780162987741,0.0,-0.12576052202409344,-0.0031589184392686346,1,1,1,-0.0009777700524509698,0.0,1,1,1,1,0.0,1,1,-0.051598536691399896,1
1,0.0,-0.5,0.0,1,0.0,0.0,1,1,0.0,0.0,0.0,0.0,1,0.0,1,-0.23891823081890853,0.0,1,0.0,-1.5295981187634702,1,1,0.0,0.0,1,0.0,0.0,0.0,0.0,1,1,0.0,0.0,-0.10289387659628887,0.0,0.0,0.0,0.0,0.0,1,1,1,1,0.5818673566976776,0.0,-0.7609498526711417,0.5669645986571071,1,1,1,0.4892965150119631,0.0,1,1,1,1,0.0,1,1,-0.05169951846613853,1
1,0.0,-1.5833333333333333,0.0,1,0.0,0.0,1,1,0.0,0.0,0.0,0.0,1,0.0,1,3.9476613389354647,0.0,1,0.0,0.9769555466256645,1,1,0.0,0.0,1,0.0,0.0,0.0,0.0,1,1,0.0,0.0,8.901244649448632,0.0,0.0,0.0,0.0,0.0,1,1,1,1,-0.1310127968850092,0.0,0.5897438264743735,-0.13200290952349777,1,1,1,-0.02434705235958972,0.0,1,1,1,1,0.0,1,1,15.747919645681526,1
1,-0.0,0.25,0.0,1,0.0,0.0,1,1,0.0,0.0,0.0,0.0,1,0.0,1,-0.11881580775054354,0.0,0,0.0,-0.23167605988954418,1,1,0.0,10.9603154742543,1,0.0,0.0,0.0,0.0,0,1,0.0,0.0,-0.0985492811128106,0.0,8.374510273953032,885.7070572078975,1.8977746447327177,0.0,0,0,1,1,1.585611585174138,1.0,-1.8386009412905062,1.5511196473043947,1,0,1,2.8206213272477734,0.0,1,1,1,1,-0.7858173248650425,1,1,-0.03857019726720502,1
1,0.0,-0.08333333333333333,0.0,1,0.0,0.0,1,1,0.0,0.0,0.0,0.0,1,0.0,1,0.6845673533398942,0.0,1,0.0,0.460109705426619,1,1,0.0,0.0,1,0.0,0.0,0.0,0.0,1,1,0.0,0.0,9.512031929705664,0.0,0.0,0.0,0.0,0.0,1,1,1,1,-0.15447535112878408,0.0,0.16821674529979203,-0.15500756604662463,1,1,1,-0.025128285787080245,0.0,1,1,1,1,0.0,1,1,0.7178374929898381,1
1,0.0,0.08333333333333333,0.0,1,0.0,0.0,1,1,0.0,0.0,0.0,0.0,1,0.0,1,2.189332196604746,0.0,1,0.0,0.7905687385447584,1,1,0.0,0.0,1,0.0,0.0,0.0,0.0,1,1,0.0,0.0,-0.042759538052026196,0.0,0.0,0.0,0.0,0.0,1,1,1,1,2.405981861631933,0.0,-2.4165685289515473,2.35547948961361,1,1,1,6.122658805201439,0.0,1,1,1,1,0.0,1,1,5.264549924040348,1
1,0.0,-0.16666666666666666,0.0,1,0.0,0.0,1,1,0.0,0.0,0.0,0.0,1,0.0,1,-0.16407855745704378,0.0,0,0.0,-0.38901677543445584,1,1,0.0,6.9939672757374245,0,0.0,0.0,0.0,0.0,0,1,0.0,0.0,0.1186725916299509,0.0,5.869576646406461,7.005683236106065,2.0017568897686098,0.0,0,0,1,1,-0.1389378445344612,4.0,0.03500088634950245,-0.13977329109452508,1,0,1,-0.024725854123722493,0.0,1,1,1,1,0.5014436553148174,1,1,-0.04657085827253966,1
1,0.0,-0.08333333333333333,0.0,1,0.0,0.0,1,1,0.0,0.0,0.0,0.0,1,0.0,1,1.1368870152974901,0.0,1,0.0,0.5962963593529447,1,1,0.0,0.0,1,0.0,0.0,0.0,0.0,1,1,0.0,0.0,-0.05638779599908506,0.0,0.0,0.0,0.0,0.0,1,1,1,1,1.7196060488858114,0.0,-1.8126047781982546,1.6824990607161072,1,1,1,3.274121473523088,0.0,1,1,1,1,0.0,1,1,1.655550323262707,1
0,-34.51359808062468,-1.5833333333333333,-0.3567772291918804,0,0.0,2.0865329612770456,1,0,4.105371800283657,0.0,6.031527924404109,49.9674446537075,0,3.9311870887751423,1,-0.17733969257211588,0.0,0,1.127048418330335,-0.45318279723229904,0,1,0.7656790888576789,2.226727430999848,0,5.380747407797394,4.01578148461137,1.6302932795784493,0.0,0,0,6713.610197326283,25347.076061686264,0.8330300189398192,-213.41173109231352,2.139092591244471,0.43486097532531526,1.2508844790116425,888.0308149827061,0,0,0,1,-0.1563626199761077,11.0,0.2641065475531452,-0.15685800275306275,0,0,0,-0.025146475810131415,0.0,0,0,0,1,-0.1596487799226381,0,0,-0.048215515855986185,1
1,0.0,0.25,0.0,1,0.0,0.0,1,1,0.0,0.0,0.0,0.0,1,0.0,1,-0.18074782153341792,0.0,0,0.0,-0.47181746920472173,1,1,0.0,13.447022132870478,1,0.0,0.0,0.0,0.0,0,1,0.0,0.0,0.1776098851112874,0.0,9.748813099652656,8.287772460011954,1.2325266699825341,0.0,0,0,1,1,-0.14726464112665888,1.0,0.041793325250369745,-0.14793758103291807,1,0,1,-0.02499756039152194,0.0,1,1,1,1,0.9641057307770816,1,1,-0.04858699906960282,1
1,0.0,0.25,0.0,1,0.0,0.0,1,1,0.0,0.0,0.0,0.0,1,0.0,1,-0.11103075505246693,0.0,1,0.0,-0.21063803544292625,1,1,0.0,0.0,1,0.0,0.0,0.0,0.0,1,1,0.0,0.0,-0.07267023066168504,0.0,0.0,0.0,0.0,0.0,1,1,1,1,0.1093281239431416,0.0,-0.22834696976479388,0.10364749216158634,1,1,1,0.042828801627469736,0.0,1,1,1,1,0.0,1,1,-0.03682194648691332,1
0,0.0014688097478087,0.25,-1.5025472991246183,0,0.002134167653626138,2.4195274485596065e-05,0,0,0.0027561024578026,0.2786535627340007,0.009966762252579227,120.16867153802264,0,4.797183554562158,0,0.00852113353554433,0.0008952820022607325,0,2.419498157251465e-05,0.01186625957010616,0,0,0.8645497164088086,8.514900958851,0,0.0024030647736062592,1.5216605846493655e-05,0.002752311371574183,0.0014654245291837223,0,0,1.5949557030741007e-06,1.3166976366618406,1.4324352064909687,-0.0019055746457517,6.882112841558969,4.046610725609194,1.915456564500793,0.07561790617645008,0,0,0,0,-0.15032840629615113,6.0,0.07106600819850435,-0.15092680917073106,0,0,0,-0.025064674092700107,2.150618696359897e-06,0,0,0,0,0.6104894251166908,0,0,0.0037439559548135626,0
1,0.0,0.16666666666666666,0.0,1,0.0,0.0,1,1,0.0,0.0,0.0,0.0,1,0.0,1,2.2226045843157696,0.0,1,0.0,0.7952242679647616,1,1,0.0,0.0,1,0.0,0.0,0.0,0.0,1,1,0.0,0.0,1.143769222859257,0.0,0.0,0.0,0.0,0.0,1,1,1,1,-0.034987643507212264,0.0,0.2487104810540612,-0.03785179331998847,1,1,1,-0.010441285339580986,0.0,1,1,1,1,0.0,1,1,5.411200115650899,1
1,0.0,-0.08333333333333333,0.0,1,0.0,0.0,1,1,0.0,0.0,0.0,0.0,1,0.0,1,0.7552769953088276,0.0,1,0.0,0.4853040035504797,1,1,0.0,0.0,1,0.0,0.0,0.0,0.0,1,1,0.0,0.0,6.168122069186029,0.0,0.0,0.0,0.0,0.0,1,1,1,1,-0.15049893778542536,0.0,0.17357082931143986,-0.15110875681181096,1,1,1,-0.025068199005863698,0.0,1,1,1,1,0.0,1,1,0.8401105338356144,1
1,0.0,-1.4166666666666667,0.0,1,0.0,0.0,1,1,0.0,0.0,0.0,0.0,1,0.0,1,0.8396212362125338,0.0,1,0.0,0.5131170332403988,1,1,0.0,0.0,1,0.0,0.0,0.0,0.0,1,1,0.0,0.0,5.264005734695215,0.0,0.0,0.0,0.0,0.0,1,1,1,1,-0.1477998946353569,0.0,0.1821854623752456,-0.14846238847683324,1,1,1,-0.02501059888806691,0.0,1,1,1,1,0.0,1,1,0.9977462049335195,1
1,0.0,0.25,0.0,1,0.0,0.0,1,1,0.0,0.0,0.0,0.0,1,0.0,1,0.5101873628125975,0.0,1,0.0,0.38867689183608095,1,1,0.0,0.0,1,0.0,0.0,0.0,0.0,1,1,0.0,0.0,0.9548009614621847,0.0,0.0,0.0,0.0,0.0,1,1,1,1,-0.11551048693753754,0.0,0.1018508741036805,-0.1168031443167212,1,1,1,-0.02326712149882612,0.0,1,1,1,1,0.0,1,1,0.45480938156901873,1
1,0.0,-1.25,0.0,1,0.0,0.0,1,1,0.0,0.0,0.0,0.0,1,0.0,1,2.932506565450223,0.0,1,0.0,0.8819215495563236,1,1,0.0,0.0,1,0.0,0.0,0.0,0.0,1,1,0.0,0.0,-0.03578778526135059,0.0,0.0,0.0,0.0,0.0,1,1,1,1,2.843329972820103,0.0,-2.791461221242325,2.7842922682390037,1,1,1,8.396376653445863,0.0,1,1,1,1,0.0,1,1,9.015574792569819,1
1,0.0,-0.3333333333333333,0.0,1,0.0,0.0,1,1,0.0,0.0,0.0,0.0,1,0.0,1,-0.08992205847372439,0.0,1,0.0,-0.1593507816922965,1,1,0.0,0.0,1,0.0,0.0,0.0,0.0,1,1,0.0,0.0,-0.09131235333845585,0.0,0.0,0.0,0.0,0.0,1,1,1,1,0.6572703849654756,0.0,-0.8227259862585699,0.6408960533521794,1,1,1,0.5990996239643157,0.0,1,1,1,1,0.0,1,1,-0.031532043658324044,1
1,0.0,-1.1666666666666667,0.0,1,0.0,0.0,1,1,0.0,0.0,0.0,0.0,1,0.0,1,19.509553887918365,0.0,1,0.0,1.508022679251233,1,1,0.0,0.0,1,0.0,0.0,0.0,0.0,1,1,0.0,0.0,1.3742676280349753,0.0,0.0,0.0,0.0,0.0,1,1,1,1,0.6896698947919083,0.0,1.8274342722705796,0.6726632508759744,1,1,1,0.6495400645030115,0.0,1,1,1,1,0.0,1,1,351.4249139240921,1
1,-0.0,-1.5833333333333333,0.0,1,0.0,0.0,1,1,0.0,0.0,0.0,0.0,1,0.0,1,-0.23800684224423765,0.0,0,0.0,-1.432398274616802,1,1,0.0,13.926603060631086,1,0.0,0.0,0.0,0.0,0,1,0.0,0.0,-0.10288038038221821,0.0,9.999450403448577,953.0789718032217,0.7560384938090234,0.0,0,0,1,1,1.3182165022253,1.0,-1.5634646524431401,1.2889430754231346,1,0,1,2.0158005903954215,0.0,1,1,1,1,-0.9984900514286528,1,1,-0.05169778021255102,1
1,0.0,0.08333333333333333,0.0,1,0.0,0.0,1,1,0.0,0.0,0.0,0.0,1,0.0,1,-0.2006849563249695,0.0,1,0.0,-0.6075024967825312,1,1,0.0,0.0,1,0.0,0.0,0.0,0.0,1,1,0.0,0.0,-0.10076731543878927,0.0,0.0,0.0,0.0,0.0,1,1,1,1,0.9733435882610166,0.0,-1.1824304653596192,0.9508007381717168,1,1,1,1.174851392486514,0.0,1,1,1,1,0.0,1,1,-0.05034069532928893,1
1,0.0,0.08333333333333333,0.0,1,0.0,0.0,1,1,0.0,0.0,0.0,0.0,1,0.0,1,0.39720673534811307,0.0,1,0.0,0.3329118128904307,1,1,0.0,0.0,1,0.0,0.0,0.0,0.0,1,1,0.0,0.0,0.2835434668448109,0.0,0.0,0.0,0.0,0.0,1,1,1,1,-0.05581135670286467,0.0,0.021296918934662117,-0.05826910869941641,1,1,1,-0.014918354521489756,0.0,1,1,1,1,0.0,1,1,0.31365101661938644,1
1,0.0,0.3333333333333333,0.0,1,0.0,0.0,1,1,0.0,0.0,0.0,0.0,1,0.0,1,3.0320284924838017,0.0,1,0.0,0.8924944320493737,1,1,0.0,0.0,1,0.0,0.0,0.0,0.0,1,1,0.0,0.0,0.008575186887146638,0.0,0.0,0.0,0.0,0.0,1,1,1,1,1.7051260375718926,0.0,-1.5371531235778757,1.6683016428532984,1,1,1,3.2234991946033604,0.0,1,1,1,1,0.0,1,1,9.593469479375393,1
1,0.0,-0.3333333333333333,0.0,1,0.0,0.0,1,1,0.0,0.0,0.0,0.0,1,0.0,1,-0.22744973302376872,0.0,0,0.0,-0.9696297714915594,1,1,0.0,11.370307617918696,1,0.0,0.0,0.0,0.0,0,1,0.0,0.0,-0.042229426779137366,-0.0,8.610292551351638,6.650535520329715,1.9036163034860931,0.0,0,0,1,1,-0.14794366736440598,1.0,0.03613448951748475,-0.1486033553219091,1,0,1,-0.025014010003897108,0.0,1,1,1,1,0.8152123664865029,1,1,-0.05156853760756316,1
1,0.0,-0.25,0.0,1,0.0,0.0,1,1,0.0,0.0,0.0,0.0,1,0.0,1,1.4108109935150577,0.0,1,0.0,0.6583658358449026,1,1,0.0,0.0,1,0.0,0.0,0.0,0.0,1,1,0.0,0.0,1.1754558924030172,0.0,0.0,0.0,0.0,0.0,1,1,1,1,-0.07848627717346048,0.0,0.18489496977231912,-0.0805015029944098,1,1,1,-0.01887289988866168,0.0,1,1,1,1,0.0,1,1,2.4027007165437206,1
1,0.0,0.08333333333333333,0.0,1,0.0,0.0,1,1,0.0,0.0,0.0,0.0,1,0.0,1,1.6453465416242417,0.0,1,0.0,0.7038183416748222,1,1,0.0,0.0,1,0.0,0.0,0.0,0.0,1,1,0.0,0.0,20.059342874951284,0.0,0.0,0.0,0.0,0.0,1,1,1,1,-0.15464226182082108,0.0,0.3000425079320944,-0.15517121929172548,1,1,1,-0.02513016250968604,0.0,1,1,1,1,0.0,1,1,3.149881132453262,1
1,0.0,-1.5833333333333333,0.0,1,0.0,0.0,1,1,0.0,0.0,0.0,0.0,1,0.0,1,-0.1424741458166325,0.0,1,0.0,-0.3049155683558091,1,1,0.0,0.0,1,0.0,0.0,0.0,0.0,1,1,0.0,0.0,0.2555936502412401,0.0,0.0,0.0,0.0,0.0,1,1,1,1,-0.14337340012153743,0.0,0.042795945428694984,-0.14412228190386964,1,1,1,-0.024886696269892542,0.0,1,1,1,1,0.0,1,1,-0.04321266019938093,1
1,0.0,-1.5833333333333333,0.0,1,0.0,0.0,1,1,0.0,0.0,0.0,0.0,1,0.0,1,-0.22530806230622222,0.0,1,0.0,-0.9216634863819851,1,1,0.0,0.0,1,0.0,0.0,0.0,0.0,1,1,0.0,0.0,-0.07966681829157547,0.0,0.0,0.0,0.0,0.0,1,1,1,1,-0.12175794776192486,0.0,0.007884822609804628,-0.12292867902677322,1,1,1,-0.023756297940490775,0.0,1,1,1,1,0.0,1,1,-0.05151781022225635,1
1,-0.0,-0.25,0.0,1,0.0,0.0,1,1,0.0,0.0,0.0,0.0,1,0.0,1,-0.2343581626412168,0.0,0,0.0,-1.1968622798364734,1,1,0.0,13.947522266365313,0,0.0,0.0,0.0,0.0,0,1,0.0,0.0,-0.10264247425503552,-0.0,10.010284756142903,699.3923800491139,2.0753150384031644,0.0,0,0,1,1,0.9229683133066421,4.0,-1.1321339362390492,0.9014085924767983,1,0,1,1.0705972074981065,0.0,1,1,1,1,-0.999989887298066,1,1,-0.05167582749674571,1
1,0.0,0.3333333333333333,0.0,1,0.0,0.0,1,1,0.0,0.0,0.0,0.0,1,0.0,1,-0.14756672539506094,0.0,1,0.0,-0.32296049032073076,1,1,0.0,0.0,1,0.0,0.0,0.0,0.0,1,1,0.0,0.0,0.09759156911442521,0.0,0.0,0.0,0.0,0.0,1,1,1,1,-0.13142536671426683,0.0,0.029074505056776542,-0.13240742759579574,1,1,1,-0.024369665051195654,0.0,1,1,1,1,0.0,1,1,-0.04408002948960297,1
1,0.0,0.08333333333333333,0.0,1,0.0,0.0,1,1,0.0,0.0,0.0,0.0,1,0.0,1,7.160387727120379,0.0,1,0.0,1.1718977836222833,1,1,0.0,0.0,1,0.0,0.0,0.0,0.0,1,1,0.0,0.0,0.36118901486156996,0.0,0.0,0.0,0.0,0.0,1,1,1,1,0.8533923776224585,0.0,-0.04308274008939678,0.833190508202599,1,1,1,0.9343952624487185,0.0,1,1,1,1,0.0,1,1,49.294717636346,1
1,0.0,0.16666666666666666,0.0,1,0.0,0.0,1,1,0.0,0.0,0.0,0.0,1,0.0,1,0.12946831310100865,0.0,1,0.0,0.14691028262388442,1,1,0.0,0.0,1,0.0,0.0,0.0,0.0,1,1,0.0,0.0,-0.08902161542365593,0.0,0.0,0.0,0.0,0.0,1,1,1,1,1.5248021419626465,0.0,-1.7382977326921119,1.491496967697203,1,1,1,2.625869318760608,0.0,1,1,1,1,0.0,1,1,0.07099602248408834,1
1,0.0,-0.16666666666666666,0.0,1,0.0,0.0,1,1,0.0,0.0,0.0,0.0,1,0.0,1,-0.12797879145212693,0.0,1,0.0,-0.2582164349357398,1,1,0.0,0.0,1,0.0,0.0,0.0,0.0,1,1,0.0,0.0,-0.09804935606692702,0.0,0.0,0.0,0.0,0.0,1,1,1,1,1.288291036165886,0.0,-1.5157693193073523,1.2596016379633164,1,1,1,1.9340331548936318,0.0,1,1,1,1,0.0,1,1,-0.040487937602783096,1
1,-0.0,-0.08333333333333333,0.0,1,0.0,0.0,1,1,0.0,0.0,0.0,0.0,1,0.0,1,-0.23696137905173373,0.0,0,0.0,-1.3469343305659076,1,1,0.0,3.874373999249771,1,0.0,0.0,0.0,0.0,0,1,0.0,0.0,-0.0960200943260096,-0.0,3.54005114115632,4.21325319775012,0.8806899126126547,0.0,0,0,1,1,-0.1370840114572784,1.0,0.02299391821521233,-0.13795563762215787,1,0,1,-0.024647748735358795,0.0,1,1,1,1,-0.2777794324231595,1,1,-0.051693942631668786,1
1,0.0,-0.08333333333333333,0.0,1,0.0,0.0,1,1,0.0,0.0,0.0,0.0,1,0.0,1,-0.08307136594003425,0.0,0,0.0,-0.1442309314540137,1,1,0.0,9.688169315756037,1,0.0,0.0,0.0,0.0,0,1,0.0,0.0,0.21606017609587186,0.0,7.617404214768025,13.981915629184456,1.808409795161393,0.0,1,0,1,1,-0.12939724815048123,1.0,0.03570081377779045,-0.13041889001104218,1,0,1,-0.02425544720477095,0.0,1,1,1,1,0.6946087740293779,1,1,-0.029642629856495184,1
1,0.0,-0.3333333333333333,0.0,1,0.0,0.0,1,1,0.0,0.0,0.0,0.0,1,0.0,1,-0.19554418838502202,0.0,1,0.0,-0.5670571714720556,1,1,0.0,0.0,1,0.0,0.0,0.0,0.0,1,1,0.0,0.0,0.012768997554555161,0.0,0.0,0.0,0.0,0.0,1,1,1,1,-0.13641753717720662,0.0,0.027942335224413757,-0.1373021703254923,1,1,1,-0.02461810128425079,0.0,1,1,1,1,0.0,1,1,-0.049957053323543305,1
1,0.0,0.16666666666666666,0.0,1,0.0,0.0,1,1,0.0,0.0,0.0,0.0,1,0.0,1,1.7223919872630127,0.0,1,0.0,0.7175232774076841,1,1,0.0,0.0,1,0.0,0.0,0.0,0.0,1,1,0.0,0.0,-0.027503704059963874,0.0,0.0,0.0,0.0,0.0,1,1,1,1,1.4933329567993587,0.0,-1.4857366483443237,1.4606419385208214,1,1,1,2.5277944128478063,0.0,1,1,1,1,0.0,1,1,3.416964754330899,1
